Match Level,Match #,Team #,Location
qm,1,108,111
qm,1,108,45
qm,1,108,181
qm,1,108,262
qm,1,108,a
qm,1,108,a
qm,1,108,a
qm,1,1523,118
qm,1,1523,41
qm,1,1523,a
qm,1,1523,a
qm,1,1523,a
qm,1,1523,283
qm,1,1523,258
qm,1,1523,a
qm,1,1523,a
qm,1,1523,a
qm,1,1744,38
qm,1,1744,a
qm,1,1744,15
qm,1,1744,13
qm,1,1744,a
qm,1,1744,a
qm,1,179,a
qm,1,179,a
qm,1,179,a
qm,1,179,a
qm,1,179,121
qm,1,179,a
qm,1,180,a
qm,1,180,a
qm,1,180,6
qm,1,180,33
qm,1,180,a
qm,1,2152,101
qm,1,2152,249
qm,1,2152,120
qm,1,2152,199
qm,1,2152,81
qm,1,2152,24
qm,1,2152,52
qm,1,2152,249
qm,1,2152,221
qm,2,2383,211
qm,2,3173,a
qm,2,3173,39
qm,2,3390,239
qm,2,348,151
qm,2,3627,a
qm,2,3627,a
qm,2,3627,248
qm,2,3627,174
qm,2,3627,127
qm,2,3627,125
qm,2,3627,227
qm,2,3932,a
qm,2,3932,59
qm,2,3932,a
qm,3,4388,90
qm,3,4388,276
qm,3,4388,156
qm,3,4388,45
qm,3,4388,228
qm,3,5410,a
qm,3,5410,a
qm,3,5410,191
qm,3,5410,229
qm,3,5410,a
qm,3,5410,a
qm,3,5410,a
qm,3,5410,a
qm,3,5410,a
qm,3,5472,a
qm,3,5472,128
qm,3,5472,176
qm,3,5472,25
qm,3,5472,121
qm,3,5472,106
qm,3,5472,243
qm,3,5472,8
qm,3,5557,a
qm,3,5557,193
qm,3,5557,274
qm,3,5842,a
qm,3,5842,174
qm,3,5842,a
qm,4,5872,140
qm,4,5872,143
qm,4,5872,213
qm,4,5872,213
qm,4,59,a
qm,4,59,a
qm,4,59,a
qm,4,59,a
qm,4,59,a
qm,4,59,a
qm,4,59,259
qm,4,59,a
qm,4,6300,115
qm,4,6317,196
qm,4,6317,241
qm,4,6317,28
qm,4,6686,272
qm,4,6686,83
qm,4,6686,240
qm,4,6743,127
qm,4,6743,103
qm,4,6743,a
qm,4,6743,a
qm,4,6743,171
qm,4,6743,96
qm,4,6743,a
qm,4,6743,73
qm,4,6743,145
qm,5,694,93
qm,5,694,276
qm,5,744,a
qm,5,744,254
qm,5,7652,a
qm,5,7652,a
qm,5,7652,190
qm,5,7652,a
qm,5,7652,190
qm,5,7652,65
qm,5,7833,222
qm,5,7833,175
qm,5,7833,7
qm,5,7833,223
qm,5,7833,128
qm,5,7833,96
qm,5,7833,26
qm,5,7833,245
qm,5,806,a
qm,5,806,240
qm,5,806,244
qm,5,806,203
qm,5,806,a
qm,5,806,a
qm,5,806,a
qm,5,806,a
qm,5,8752,a
qm,5,8752,78
qm,5,8752,a
qm,5,8752,248
qm,5,8752,266
qm,5,8752,273
qm,5,8752,a
qm,5,8752,a
qm,5,8752,265
qm,5,8752,154
qm,6,8817,140
qm,6,8817,182
qm,6,8817,a
qm,6,8817,a
qm,6,8817,259
qm,6,8817,163
qm,6,8817,212
qm,6,8861,94
qm,6,9040,195
qm,7,9693,a
qm,7,9693,254
qm,7,9693,63
qm,7,9693,a
qm,7,9693,a
qm,7,9693,a
qm,7,9693,91
qm,7,9693,a
qm,7,9693,a
qm,7,9725,a
qm,7,9725,111
qm,7,9725,45
qm,7,9725,66
qm,7,9779,62
qm,7,108,77
qm,7,108,26
qm,7,108,99
qm,7,108,196
qm,7,108,73
qm,7,108,96
qm,7,108,168
qm,7,108,200
qm,7,1523,103
qm,7,1744,a
qm,7,1744,81
qm,8,179,a
qm,8,179,16
qm,8,179,a
qm,8,180,157
qm,8,180,140
qm,8,2152,165
qm,8,2152,a
qm,8,2152,a
qm,8,2383,32
qm,8,2383,98
qm,8,2383,75
qm,8,2383,170
qm,8,2383,223
qm,8,3173,80
qm,8,3390,247
qm,8,3390,a
qm,8,3390,a
qm,8,3390,224
qm,8,3390,251
qm,8,3390,152
qm,8,3390,125
qm,9,348,a
qm,9,348,a
qm,9,348,90
qm,9,348,141
qm,9,348,a
qm,9,348,a
qm,9,348,a
qm,9,3627,263
qm,9,3627,113
qm,9,3627,a
qm,9,3627,a
qm,9,3627,a
qm,9,4206,266
qm,9,4206,271
qm,9,4206,a
qm,9,4206,a
qm,9,4388,125
qm,9,4388,55
qm,9,4388,80
qm,9,4388,72
qm,9,4388,218
qm,9,4388,201
qm,9,4388,50
qm,9,4388,219
qm,9,4388,224
qm,9,5410,80
qm,9,5410,193
qm,9,5410,a
qm,9,5410,a
qm,9,5410,225
qm,9,5410,103
qm,9,5410,31
qm,9,5410,a
qm,9,5410,a
qm,10,5472,a
qm,10,5472,111
qm,10,5472,181
qm,10,5472,209
qm,10,5472,214
qm,10,5472,43
qm,10,5472,208
qm,10,5557,180
qm,10,5557,a
qm,10,5557,262
qm,10,5557,a
qm,10,5557,258
qm,10,5557,261
qm,10,5557,115
qm,10,5842,257
qm,10,5842,140
qm,10,5842,a
qm,10,5872,192
qm,10,59,a
qm,10,59,a
qm,10,59,a
qm,10,59,244
qm,10,59,a
qm,10,59,196
qm,10,59,a
qm,11,6686,184
qm,11,6686,232
qm,11,6743,208
qm,11,6743,185
qm,11,6743,189
qm,11,6743,186
qm,11,6743,42
qm,11,6743,138
qm,11,6743,143
qm,11,6743,231
qm,11,694,146
qm,11,694,57
qm,11,744,a
qm,11,744,57
qm,11,744,a
qm,11,744,a
qm,11,744,a
qm,11,744,a
qm,11,7652,172
qm,11,7652,79
qm,12,7833,13
qm,12,7833,159
qm,12,806,a
qm,12,806,a
qm,12,806,160
qm,12,806,64
qm,12,806,185
qm,12,806,133
qm,12,806,165
qm,12,806,114
qm,12,806,254
qm,12,806,38
qm,12,8752,156
qm,12,8752,46
qm,12,8752,36
qm,12,8775,121
qm,12,8775,224
qm,12,8775,275
qm,12,8775,265
qm,12,8775,81
qm,12,8775,155
qm,12,8817,a
qm,12,8817,74
qm,12,8817,a
qm,12,8817,a
qm,12,8817,a
qm,12,8817,a
qm,12,8817,a
qm,13,9040,64
qm,13,9040,a
qm,13,9040,a
qm,13,9040,a
qm,13,9040,a
qm,13,9040,a
qm,13,9040,a
qm,13,9040,a
qm,13,9402,280
qm,13,9404,108
qm,13,9404,239
qm,13,9404,140
qm,13,9404,187
qm,13,9404,167
qm,13,9404,263
qm,13,9404,279
qm,13,9404,114
qm,13,9404,21
qm,13,9725,a
qm,13,9725,a
qm,13,9725,a
qm,13,9725,a
qm,13,9725,a
qm,13,9725,82
qm,13,9725,a
qm,13,9725,a
qm,13,9725,a
qm,13,9725,a
qm,14,108,40
qm,14,108,a
qm,14,108,184
qm,14,108,256
qm,14,108,a
qm,14,108,260
qm,14,108,284
qm,14,108,277
qm,14,108,142
qm,14,108,184
qm,14,1523,183
qm,14,1744,39
qm,14,179,179
qm,14,179,a
qm,14,179,24
qm,14,179,a
qm,14,179,a
qm,14,180,83
qm,14,180,a
qm,14,180,a
qm,14,180,a
qm,14,180,a
qm,14,180,a
qm,14,180,a
qm,14,180,a
qm,14,2152,102
qm,14,2152,99
qm,14,2152,74
qm,15,3173,142
qm,15,3173,229
qm,15,3173,187
qm,15,3173,159
qm,15,3173,a
qm,15,3173,a
qm,15,3173,a
qm,15,3173,a
qm,15,3390,a
qm,15,3390,22
qm,15,3390,210
qm,15,3390,229
qm,15,3390,15
qm,15,348,5
qm,15,348,170
qm,15,348,a
qm,15,348,72
qm,15,348,a
qm,15,3627,58
qm,15,3627,146
qm,15,3627,250
qm,15,3627,80
qm,15,3627,151
qm,15,3627,274
qm,15,3627,4
qm,15,3627,131
qm,15,3627,173
qm,15,3932,a
qm,15,3932,130
qm,15,3932,246
qm,15,3932,120
qm,16,4206,a
qm,16,4206,a
qm,16,4206,12
qm,16,4206,a
qm,16,4206,279
qm,16,4206,136
qm,16,4206,a
qm,16,4206,281
qm,16,4388,a
qm,16,4388,41
qm,16,4388,47
qm,16,4388,12
qm,16,4388,190
qm,16,5410,a
qm,16,5410,60
qm,16,5410,231
qm,16,5410,a
qm,16,5410,12
qm,16,5410,a
qm,16,5410,a
qm,16,5410,a
qm,16,5472,a
qm,16,5472,82
qm,16,5557,269
qm,16,5557,264
qm,16,5557,268
qm,16,5557,25
qm,16,5557,59
qm,16,5557,202
qm,16,5842,219
qm,16,5842,168
qm,16,5842,193
qm,16,5842,267
qm,16,5842,245
qm,17,5872,36
qm,17,5872,a
qm,17,5872,a
qm,17,5872,a
qm,17,59,143
qm,17,6300,185
qm,17,6317,50
qm,17,6317,a
qm,17,6317,a
qm,17,6743,a
qm,17,6743,a
qm,17,6743,a
qm,17,6743,273
qm,18,694,286
qm,18,694,62
qm,18,744,62
qm,18,744,a
qm,18,7652,165
qm,18,7652,a
qm,18,7652,a
qm,18,7652,a
qm,18,7652,a
qm,18,7652,a
qm,18,7652,a
qm,18,7833,a
qm,18,7833,102
qm,18,7833,81
qm,18,7833,a
qm,18,7833,a
qm,18,7833,107
qm,18,7833,57
qm,18,7833,a
qm,18,7833,3
qm,18,7833,174
qm,18,806,96
qm,18,806,a
qm,18,806,35
qm,18,806,222
qm,18,806,30
qm,18,806,a
qm,18,806,a
qm,18,806,216
qm,18,8752,179
qm,18,8752,26
qm,19,8775,a
qm,19,8775,110
qm,19,8775,a
qm,19,8775,a
qm,19,8817,113
qm,19,8861,a
qm,19,8861,a
qm,19,8861,a
qm,19,8861,a
qm,19,8861,70
qm,19,8861,185
qm,19,8861,184
qm,19,8861,a
qm,19,8861,22
qm,19,9040,8
qm,19,9040,81
qm,19,9040,273
qm,19,9040,82
qm,19,9040,225
qm,19,9040,56
qm,19,9040,241
qm,19,9040,243
qm,19,9040,96
qm,19,9040,203
qm,19,9402,96
qm,19,9402,145
qm,19,9402,a
qm,20,9725,189
qm,20,9725,a
qm,20,9725,a
qm,20,9725,a
qm,20,9725,a
qm,20,9725,a
qm,20,9725,a
qm,20,9779,257
qm,20,9779,a
qm,20,9779,139
qm,20,9779,159
qm,20,9779,92
qm,20,9779,94
qm,20,1523,248
qm,20,1523,a
qm,20,1523,a
qm,20,1523,a
qm,20,1523,a
qm,20,1523,194
qm,20,1523,82
qm,20,1523,269
qm,20,1523,73
qm,20,1744,195
qm,20,1744,219
qm,20,1744,55
qm,20,1744,155
qm,20,1744,123
qm,21,179,115
qm,21,179,232
qm,21,179,39
qm,21,179,185
qm,21,180,a
qm,21,180,210
qm,21,180,111
qm,21,180,a
qm,21,180,a
qm,21,180,a
qm,21,180,a
qm,21,180,a
qm,21,2152,254
qm,21,2383,271
qm,21,2383,59
qm,21,2383,127
qm,21,2383,81
qm,21,2383,149
qm,21,3173,149
qm,21,3173,271
qm,21,3173,a
qm,21,3173,a
qm,21,3173,a
qm,21,3173,a
qm,21,3173,a
qm,21,3173,a
qm,21,3390,149
qm,21,3390,147
qm,22,3627,140
qm,22,3627,283
qm,22,3627,236
qm,22,3627,91
qm,22,3627,257
qm,22,3627,89
qm,22,3932,a
qm,22,3932,47
qm,22,3932,16
qm,22,3932,261
qm,22,3932,181
qm,22,4206,264
qm,22,4206,179
qm,22,4388,219
qm,22,4388,a
qm,22,4388,195
qm,22,4388,a
qm,22,4388,270
qm,22,4388,a
qm,22,4388,265
qm,22,5410,a
qm,22,5410,7
qm,22,5410,3
qm,23,5472,182
qm,23,5472,a
qm,23,5472,a
qm,23,5472,a
qm,23,5472,a
qm,23,5472,a
qm,23,5472,a
qm,23,5472,a
qm,23,5557,a
qm,23,5557,19
qm,23,5557,69
qm,23,5872,226
qm,23,5872,199
qm,23,5872,192
qm,23,5872,216
qm,23,5872,82
qm,23,59,a
qm,23,59,a
qm,23,59,a
qm,23,59,a
qm,23,59,270
qm,23,59,124
qm,23,59,220
qm,23,6300,a
qm,23,6300,241
qm,23,6300,171
qm,23,6300,a
qm,23,6300,0
qm,23,6300,226
qm,23,6300,58
qm,24,6686,276
qm,24,694,2
qm,24,694,a
qm,24,694,224
qm,24,694,a
qm,24,694,a
qm,24,694,a
qm,24,694,a
qm,24,694,a
qm,24,694,a
qm,24,694,a
qm,24,744,a
qm,24,744,82
qm,24,744,242
qm,24,744,a
qm,24,744,0
qm,24,744,148
qm,24,7652,9
qm,24,7652,264
qm,25,7833,15
qm,25,7833,285
qm,25,7833,a
qm,25,806,a
qm,25,806,277
qm,25,806,a
qm,25,8752,276
qm,25,8775,a
qm,25,8775,127
qm,25,8775,a
qm,25,8775,72
qm,25,8775,a
qm,25,8775,152
qm,25,8775,a
qm,25,8775,57
qm,25,8775,265
qm,25,8817,267
qm,25,8817,104
qm,25,8817,4
qm,25,8817,30
qm,25,8817,225
qm,25,8817,153
qm,25,8861,6
qm,25,8861,149
qm,25,8861,128
qm,25,8861,131
qm,25,8861,26
qm,25,8861,34
qm,26,9040,a
qm,26,9040,209
qm,26,9040,141
qm,26,9040,a
qm,26,9040,a
qm,26,9040,a
qm,26,9040,a
qm,26,9040,a
qm,26,9040,a
qm,26,9402,a
qm,26,9402,a
qm,26,9402,a
qm,26,9402,188
qm,26,9402,39
qm,26,9402,a
qm,26,9402,15
qm,26,9404,46
qm,26,9693,a
qm,26,9693,78
qm,26,9693,a
qm,26,9693,a
qm,26,9725,106
qm,26,9725,266
qm,26,9779,196
qm,26,9779,a
qm,26,9779,217
qm,27,1744,a
qm,27,1744,211
qm,27,1744,a
qm,27,1744,71
qm,27,1744,84
qm,27,1744,23
qm,27,1744,61
qm,27,1744,22
qm,27,179,a
qm,27,179,a
qm,27,179,a
qm,27,179,49
qm,27,179,a
qm,27,179,a
qm,27,180,251
qm,27,180,171
qm,27,180,219
qm,27,180,124
qm,27,2152,35
qm,27,2152,a
qm,27,2152,217
qm,27,2152,151
qm,27,2152,a
qm,27,2152,a
qm,27,2152,a
qm,27,2152,a
qm,27,2152,a
qm,28,2383,a
qm,28,2383,a
qm,28,2383,283
qm,28,2383,a
qm,28,2383,a
qm,28,2383,a
qm,28,2383,a
qm,28,3173,262
qm,28,3173,62
qm,28,3173,a
qm,28,3173,41
qm,28,3173,a
qm,28,3173,a
qm,28,3173,211
qm,28,3173,a
qm,28,3173,a
qm,28,3173,a
qm,28,3390,204
qm,28,3390,a
qm,28,348,8
qm,28,348,29
qm,28,348,a
qm,28,348,a
qm,28,348,a
qm,28,348,a
qm,28,348,a
qm,28,348,a
qm,28,3627,96
qm,28,3627,246
qm,28,3627,196
qm,28,3627,201
qm,28,3627,225
qm,28,3627,129
qm,28,3627,250
qm,28,3627,129
qm,28,3627,225
qm,28,3627,222
qm,28,3932,a
qm,28,3932,199
qm,29,4206,14
qm,29,4206,90
qm,29,4206,a
qm,29,4206,a
qm,29,4206,a
qm,29,4206,a
qm,29,4388,a
qm,29,4388,160
qm,29,4388,a
qm,29,4388,a
qm,29,4388,a
qm,29,4388,160
qm,29,5410,64
qm,29,5410,212
qm,29,5410,19
qm,29,5472,a
qm,29,5472,271
qm,29,5472,6
qm,29,5472,179
qm,29,5472,a
qm,29,5472,7
qm,29,5472,49
qm,29,5472,97
qm,29,5472,129
qm,29,5472,57
qm,29,5557,203
qm,29,5557,1
qm,29,5842,a
qm,29,5842,73
qm,30,5872,159
qm,30,5872,a
qm,30,5872,239
qm,30,5872,a
qm,30,5872,a
qm,30,6317,103
qm,30,6317,57
qm,30,6317,146
qm,30,6686,195
qm,30,6686,173
qm,30,6686,76
qm,30,6743,154
qm,30,6743,242
qm,30,6743,275
qm,30,6743,a
qm,30,6743,218
qm,30,6743,155
qm,31,744,43
qm,31,744,67
qm,31,744,a
qm,31,744,a
qm,31,744,a
qm,31,744,a
qm,31,744,204
qm,31,7652,12
qm,31,7652,228
qm,31,7652,62
qm,31,7833,174
qm,31,7833,121
qm,31,7833,171
qm,31,7833,127
qm,31,7833,192
qm,31,7833,273
qm,31,7833,201
qm,31,7833,24
qm,31,7833,107
qm,31,7833,222
qm,31,806,a
qm,31,806,223
qm,31,806,220
qm,31,806,2
qm,31,806,50
qm,31,806,31
qm,31,806,223
qm,31,806,107
qm,31,806,9
qm,31,806,272
qm,31,8752,270
qm,32,8775,92
qm,32,8775,a
qm,32,8775,a
qm,32,8817,a
qm,32,8817,136
qm,32,8817,a
qm,32,8817,a
qm,32,8817,a
qm,32,8817,a
qm,32,8817,a
qm,32,8817,a
qm,32,8817,a
qm,32,8817,a
qm,32,8861,283
qm,32,9040,6
qm,32,9040,100
qm,32,9040,51
qm,32,9402,a
qm,32,9402,176
qm,32,9402,a
qm,32,9402,a
qm,32,9402,a
qm,32,9402,a
qm,32,9402,a
qm,32,9402,a
qm,32,9402,a
qm,32,9404,192
qm,32,9404,97
qm,32,9404,a
qm,33,9693,133
qm,33,9693,181
qm,33,9693,114
qm,33,9693,41
qm,33,9725,215
qm,33,9725,a
qm,33,9725,a
qm,33,9725,136
qm,33,9725,a
qm,33,9725,a
qm,33,9725,a
qm,33,9725,a
qm,33,9725,a
qm,33,9779,133
qm,33,9779,235
qm,33,9779,287
qm,33,9779,95
qm,33,1523,222
qm,33,1523,34
qm,33,1523,a
qm,33,1523,a
qm,33,1744,a
qm,33,1744,247
qm,33,1744,a
qm,33,1744,53
qm,33,1744,a
qm,33,1744,a
qm,33,1744,28
qm,33,1744,a
qm,33,1744,269
qm,34,179,66
qm,34,179,139
qm,34,180,90
qm,34,180,143
qm,34,2152,a
qm,34,2152,a
qm,34,2152,a
qm,34,2152,142
qm,34,2152,a
qm,34,2152,207
qm,34,2152,182
qm,34,2152,a
qm,34,2152,206
qm,34,2152,261
qm,34,2383,153
qm,34,2383,104
qm,34,2383,175
qm,34,3173,131
qm,34,3173,a
qm,34,3173,a
qm,34,3173,a
qm,34,3173,130
qm,34,3173,26
qm,34,3173,77
qm,34,3173,26
qm,34,3390,53
qm,34,3390,128
qm,34,3390,150
qm,35,348,a
qm,35,348,a
qm,35,348,88
qm,35,348,a
qm,35,348,a
qm,35,348,a
qm,35,348,a
qm,35,348,a
qm,35,3627,164
qm,35,3627,a
qm,35,3627,a
qm,35,3627,a
qm,35,3627,a
qm,35,3627,a
qm,35,3627,a
qm,35,3627,a
qm,35,3627,a
qm,35,3932,a
qm,35,3932,a
qm,35,3932,230
qm,35,3932,94
qm,35,3932,113
qm,35,3932,a
qm,35,3932,118
qm,35,4206,104
qm,35,4206,216
qm,35,4206,145
qm,35,4206,a
qm,35,4206,a
qm,35,4206,197
qm,35,4206,a
qm,35,4206,a
qm,35,4206,99
qm,35,4388,a
qm,35,4388,169
qm,35,4388,153
qm,35,5410,a
qm,35,5410,a
qm,35,5410,a
qm,35,5410,33
qm,35,5410,150
qm,35,5410,240
qm,36,5472,44
qm,36,5472,93
qm,36,5472,260
qm,36,5472,280
qm,36,5472,258
qm,36,5472,207
qm,36,5472,65
qm,36,5472,237
qm,36,5557,156
qm,36,5842,119
qm,36,5842,a
qm,36,5842,a
qm,36,5842,a
qm,36,5842,a
qm,36,5842,a
qm,36,5842,115
qm,36,5842,184
qm,36,5872,33
qm,36,59,219
qm,36,59,a
qm,36,59,a
qm,36,6300,52
qm,36,6300,a
qm,36,6300,a
qm,36,6300,a
qm,37,6317,a
qm,37,6317,238
qm,37,6317,283
qm,37,6317,a
qm,37,6317,276
qm,37,6317,109
qm,37,6317,91
qm,37,6317,180
qm,37,6686,231
qm,37,6686,61
qm,37,6686,a
qm,37,6686,a
qm,37,6686,a
qm,37,6686,a
qm,37,6686,a
qm,37,6686,a
qm,37,6686,a
qm,37,6686,a
qm,37,6743,43
qm,37,6743,278
qm,37,6743,47
qm,37,6743,135
qm,37,6743,158
qm,37,694,a
qm,37,694,272
qm,37,694,a
qm,37,694,a
qm,37,694,a
qm,37,694,a
qm,37,694,a
qm,37,694,a
qm,37,744,98
qm,37,744,a
qm,37,744,242
qm,37,744,78
qm,37,744,107
qm,37,744,221
qm,37,744,244
qm,37,744,193
qm,37,7652,170
qm,38,7833,a
qm,38,7833,64
qm,38,806,211
qm,38,806,284
qm,38,806,182
qm,38,806,206
qm,38,806,112
qm,38,806,61
qm,38,806,92
qm,38,806,60
qm,38,806,47
qm,38,8752,a
qm,38,8752,114
qm,38,8752,a
qm,38,8752,a
qm,38,8775,226
qm,38,8775,103
qm,38,8775,177
qm,38,8775,274
qm,38,8775,102
qm,38,8817,34
qm,38,8817,a
qm,38,8817,a
qm,38,8817,a
qm,38,8817,31
qm,38,8817,250
qm,38,8817,151
qm,38,8817,152
qm,38,8861,146
qm,38,8861,a
qm,38,8861,2
qm,38,8861,75
qm,38,8861,30
qm,38,8861,144
qm,39,9040,228
qm,39,9040,a
qm,39,9040,204
qm,39,9040,208
qm,39,9040,252
qm,39,9040,182
qm,39,9402,a
qm,39,9402,20
qm,39,9402,234
qm,39,9402,a
qm,39,9402,a
qm,39,9402,a
qm,39,9402,a
qm,39,9402,a
qm,39,9725,a
qm,39,9725,a
qm,39,9725,a
qm,39,9725,a
qm,39,9725,271
qm,39,9725,51
qm,39,9725,250
qm,39,9725,264
qm,39,9779,194
qm,39,9779,a
qm,40,108,259
qm,40,108,a
qm,40,108,95
qm,40,108,237
qm,40,108,a
qm,40,108,a
qm,40,108,a
qm,40,108,a
qm,40,1523,208
qm,40,1523,167
qm,40,1523,114
qm,40,1523,164
qm,40,1523,261
qm,40,1523,158
qm,40,1523,44
qm,40,1523,228
qm,40,1744,184
qm,40,1744,a
qm,40,1744,39
qm,40,1744,287
qm,40,1744,42
qm,40,1744,a
qm,40,1744,a
qm,40,1744,21
qm,40,179,a
qm,40,179,a
qm,40,179,a
qm,40,179,a
qm,40,179,a
qm,40,179,243
qm,40,179,74
qm,40,179,48
qm,40,179,246
qm,40,179,218
qm,40,180,25
qm,40,180,a
qm,40,180,34
qm,40,180,a
qm,40,180,124
qm,40,180,219
qm,40,180,a
qm,40,180,a
qm,40,180,a
qm,40,2152,105
qm,41,2383,165
qm,41,2383,86
qm,41,2383,93
qm,41,2383,19
qm,41,3173,232
qm,41,3390,18
qm,41,348,9
qm,41,348,35
qm,41,348,197
qm,41,348,153
qm,41,348,96
qm,41,348,74
qm,41,348,128
qm,41,348,196
qm,41,348,5
qm,41,3627,a
qm,41,3627,4
qm,41,3627,a
qm,41,3627,54
qm,41,3627,50
qm,41,3932,a
qm,41,3932,a
qm,41,3932,a
qm,41,3932,a
qm,41,3932,a
qm,41,3932,50
qm,41,3932,a
qm,41,3932,a
qm,42,4206,a
qm,42,4206,a
qm,42,4206,a
qm,42,4206,214
qm,42,4206,a
qm,42,4206,a
qm,42,4206,a
qm,42,4206,a
qm,42,4206,234
qm,42,4206,a
qm,42,4388,a
qm,42,4388,a
qm,42,4388,a
qm,42,4388,18
qm,42,4388,184
qm,42,4388,142
qm,42,4388,108
qm,42,4388,287
qm,42,4388,91
qm,42,4388,43
qm,42,5410,190
qm,42,5410,a
qm,42,5410,a
qm,42,5410,a
qm,42,5472,a
qm,42,5472,100
qm,42,5472,223
qm,42,5472,a
qm,42,5557,270
qm,42,5842,219
qm,43,5872,262
qm,43,5872,110
qm,43,5872,133
qm,43,5872,118
qm,43,5872,167
qm,43,5872,142
qm,43,59,68
qm,43,59,a
qm,43,59,a
qm,43,59,a
qm,43,59,a
qm,43,59,a
qm,43,59,a
qm,43,59,a
qm,43,59,a
qm,43,6300,a
qm,43,6300,a
qm,43,6300,36
qm,43,6300,a
qm,43,6300,60
qm,43,6317,a
qm,43,6317,30
qm,43,6317,150
qm,43,6317,202
qm,43,6317,178
qm,43,6317,4
qm,43,6686,a
qm,43,6686,81
qm,43,6743,a
qm,43,6743,28
qm,43,6743,a
qm,43,6743,a
qm,43,6743,a
qm,43,6743,a
qm,43,6743,a
qm,43,6743,a
qm,43,6743,a
qm,44,694,276
qm,44,694,15
qm,44,694,181
qm,44,694,211
qm,44,744,a
qm,44,744,a
qm,44,744,a
qm,44,744,191
qm,44,744,161
qm,44,744,39
qm,44,744,281
qm,44,744,89
qm,44,744,187
qm,44,744,38
qm,44,7652,13
qm,44,7652,a
qm,44,7652,230
qm,44,7652,a
qm,44,7652,239
qm,44,7652,142
qm,44,7652,213
qm,44,7652,a
qm,44,7652,a
qm,44,7833,175
qm,44,7833,244
qm,44,7833,174
qm,44,7833,49
qm,44,7833,26
qm,44,806,149
qm,44,806,0
qm,44,806,5
qm,44,806,131
qm,44,806,121
qm,44,806,241
qm,44,8752,a
qm,44,8752,a
qm,44,8752,59
qm,44,8752,126
qm,44,8752,8
qm,44,8752,202
qm,44,8752,103
qm,44,8752,11
qm,44,8752,170
qm,44,8752,122
qm,45,8775,142
qm,45,8775,a
qm,45,8775,a
qm,45,8775,a
qm,45,8775,17
qm,45,8775,a
qm,45,8817,a
qm,45,8817,a
qm,45,8817,231
qm,45,8817,276
qm,45,8817,a
qm,45,8817,115
qm,45,8817,a
qm,45,8817,a
qm,45,8861,a
qm,45,8861,254
qm,45,8861,a
qm,45,8861,113
qm,45,8861,a
qm,45,8861,a
qm,45,8861,a
qm,45,8861,a
qm,45,8861,a
qm,45,9040,a
qm,45,9040,a
qm,45,9040,49
qm,45,9040,a
qm,45,9040,a
qm,45,9402,78
qm,45,9402,a
qm,45,9402,241
qm,45,9402,248
qm,45,9402,148
qm,45,9404,3
qm,46,9693,111
qm,46,9693,279
qm,46,9693,64
qm,46,9693,286
qm,46,9693,91
qm,46,9693,283
qm,46,9693,41
qm,46,9693,110
qm,46,9693,114
qm,46,9725,283
qm,46,9725,a
qm,46,9725,214
qm,46,9725,281
qm,46,9779,110
qm,46,9779,a
qm,46,108,a
qm,46,108,203
qm,46,108,154
qm,46,108,a
qm,46,108,271
qm,46,1523,a
qm,46,1523,200
qm,46,1523,107
qm,46,1523,272
qm,46,1523,29
qm,46,1523,11
qm,46,1744,7
qm,47,179,119
qm,47,179,a
qm,47,179,a
qm,47,179,a
qm,47,179,a
qm,47,179,a
qm,47,180,a
qm,47,180,a
qm,47,180,a
qm,47,180,187
qm,47,180,a
qm,47,180,a
qm,47,180,a
qm,47,2152,a
qm,47,2152,261
qm,47,2152,254
qm,47,2152,a
qm,47,2152,209
qm,47,2152,213
qm,47,2152,20
qm,47,2152,13
qm,47,2152,137
qm,47,2383,152
qm,47,2383,a
qm,47,2383,a
qm,47,2383,a
qm,47,2383,a
qm,47,2383,a
qm,47,2383,a
qm,47,2383,a
qm,47,2383,a
qm,47,2383,a
qm,47,3173,48
qm,47,3173,49
qm,47,3173,265
qm,47,3173,122
qm,47,3173,102
qm,47,3173,2
qm,47,3390,146
qm,47,3390,246
qm,47,3390,218
qm,47,3390,222
qm,47,3390,242
qm,47,3390,131
qm,47,3390,a
qm,47,3390,a
qm,47,3390,a
qm,47,3390,a
qm,48,348,a
qm,48,348,a
qm,48,348,a
qm,48,348,22
qm,48,348,a
qm,48,348,a
qm,48,348,a
qm,48,348,a
qm,48,348,a
qm,48,348,a
qm,48,3627,233
qm,48,3627,230
qm,48,3627,114
qm,48,3627,287
qm,48,3627,181
qm,48,3627,a
qm,48,3627,a
qm,48,3627,204
qm,48,3627,a
qm,48,3627,a
qm,48,3932,276
qm,48,3932,a
qm,48,3932,a
qm,48,3932,a
qm,48,3932,a
qm,48,3932,a
qm,48,3932,a
qm,48,4206,a
qm,48,4206,99
qm,48,4206,246
qm,48,4206,26
qm,48,4206,170
qm,48,4206,152
qm,48,4206,4
qm,48,4206,250
qm,48,4206,170
qm,48,4206,201
qm,48,4388,a
qm,48,4388,8
qm,48,4388,202
qm,48,4388,220
qm,48,4388,a
qm,48,4388,a
qm,48,4388,a
qm,48,4388,a
qm,48,4388,a
qm,48,5410,48
qm,48,5410,a
qm,48,5410,a
qm,48,5410,a
qm,49,5472,a
qm,49,5472,186
qm,49,5472,47
qm,49,5472,a
qm,49,5472,a
qm,49,5472,a
qm,49,5472,a
qm,49,5472,a
qm,49,5472,a
qm,49,5557,112
qm,49,5557,208
qm,49,5842,a
qm,49,5842,92
qm,49,5842,22
qm,49,5842,a
qm,49,5842,a
qm,49,5842,89
qm,49,5842,212
qm,49,5842,229
qm,49,5842,277
qm,49,5842,238
qm,49,5872,a
qm,49,5872,128
qm,49,5872,a
qm,49,5872,a
qm,49,5872,a
qm,49,5872,a
qm,49,5872,a
qm,49,6300,a
qm,49,6300,a
qm,49,6300,a
qm,49,6300,a
qm,49,6300,a
qm,49,6300,121
qm,49,6300,7
qm,50,6317,a
qm,50,6317,253
qm,50,6686,109
qm,50,6686,a
qm,50,6686,a
qm,50,6686,a
qm,50,6686,a
qm,50,6743,a
qm,50,6743,a
qm,50,6743,139
qm,50,6743,142
qm,50,6743,17
qm,50,6743,a
qm,50,6743,84
qm,50,6743,257
qm,50,6743,210
qm,50,6743,a
qm,50,694,a
qm,50,694,174
qm,50,694,154
qm,50,694,a
qm,50,694,149
qm,50,694,11
qm,50,694,275
qm,50,694,a
qm,50,694,a
qm,50,744,a
qm,50,744,244
qm,50,744,131
qm,50,744,242
qm,50,744,5
qm,50,744,240
qm,51,7833,a
qm,51,7833,234
qm,51,7833,235
qm,51,7833,36
qm,51,806,a
qm,51,806,a
qm,51,806,a
qm,51,806,86
qm,51,806,a
qm,51,806,229
qm,51,806,43
qm,51,806,278
qm,51,8752,a
qm,51,8752,164
qm,51,8752,61
qm,51,8752,a
qm,51,8752,a
qm,51,8775,268
qm,51,8775,a
qm,51,8775,75
qm,51,8775,176
qm,51,8775,32
qm,51,8817,29
qm,51,8817,2
qm,51,8817,a
qm,51,8817,178
qm,51,8817,a
qm,51,8817,a
qm,51,8861,a
qm,51,8861,31
qm,51,8861,153
qm,51,8861,a
qm,51,8861,10
qm,52,9040,211
qm,52,9402,276
qm,52,9402,183
qm,52,9402,17
qm,52,9402,260
qm,52,9402,14
qm,52,9404,159
qm,52,9404,a
qm,52,9404,a
qm,52,9404,a
qm,52,9404,a
qm,52,9693,a
qm,52,9693,a
qm,52,9693,120
qm,52,9693,220
qm,52,9693,a
qm,52,9725,264
qm,52,9725,a
qm,53,1523,286
qm,53,1523,261
qm,53,1523,47
qm,53,1523,18
qm,53,1523,231
qm,53,1523,163
qm,53,1744,212
qm,53,1744,256
qm,53,1744,141
qm,53,1744,140
qm,53,1744,261
qm,53,1744,93
qm,53,1744,140
qm,53,180,76
qm,53,180,100
qm,53,180,27
qm,53,180,169
qm,53,2152,274
qm,54,2383,158
qm,54,2383,205
qm,54,2383,a
qm,54,3173,a
qm,54,3173,18
qm,54,3390,44
qm,54,3390,a
qm,54,3390,a
qm,54,3390,260
qm,54,3390,a
qm,54,3390,253
qm,54,3390,40
qm,54,348,155
qm,54,348,a
qm,54,3627,268
qm,54,3627,a
qm,54,3627,a
qm,54,3627,98
qm,54,3627,a
qm,54,3627,a
qm,54,3627,a
qm,54,3627,a
qm,54,3627,a
qm,54,3627,a
qm,54,3932,32
qm,54,3932,a
qm,54,3932,a
qm,54,3932,27
qm,54,3932,28
qm,54,3932,a
qm,54,3932,9
qm,54,3932,a
qm,54,3932,244
qm,54,3932,32
qm,55,4206,237
qm,55,4206,a
qm,55,4206,a
qm,55,4206,a
qm,55,4206,a
qm,55,4206,a
qm,55,4388,37
qm,55,4388,161
qm,55,4388,92
qm,55,4388,208
qm,55,4388,141
qm,55,5410,a
qm,55,5410,a
qm,55,5410,116
qm,55,5410,109
qm,55,5472,a
qm,55,5472,194
qm,55,5472,121
qm,55,5472,107
qm,55,5472,193
qm,55,5472,266
qm,55,5472,54
qm,55,5557,99
qm,55,5557,194
qm,55,5557,a
qm,55,5557,a
qm,55,5557,a
qm,55,5842,80
qm,56,5872,a
qm,56,5872,a
qm,56,5872,13
qm,56,59,17
qm,56,59,70
qm,56,59,116
qm,56,6300,a
qm,56,6300,41
qm,56,6300,a
qm,56,6300,156
qm,56,6300,a
qm,56,6317,265
qm,56,6317,11
qm,56,6317,154
qm,56,6317,124
qm,56,6317,28
qm,56,6686,a
qm,56,6686,81
qm,56,6686,200
qm,56,6686,172
qm,56,6686,a
qm,56,6686,a
qm,56,6686,a
qm,56,6743,168
qm,56,6743,a
qm,56,6743,272
qm,57,694,204
qm,57,694,14
qm,57,694,181
qm,57,694,138
qm,57,694,286
qm,57,694,204
qm,57,694,187
qm,57,694,85
qm,57,744,a
qm,57,744,209
qm,57,744,a
qm,57,744,45
qm,57,744,188
qm,57,744,164
qm,57,7652,110
qm,57,7652,118
qm,57,7652,a
qm,57,7652,63
qm,57,7652,a
qm,57,7652,214
qm,57,7652,232
qm,57,7652,a
qm,57,7833,28
qm,57,7833,29
qm,57,7833,178
qm,57,7833,76
qm,57,7833,264
qm,57,806,a
qm,57,806,107
qm,57,8752,32
qm,57,8752,a
qm,57,8752,151
qm,57,8752,a
qm,57,8752,a
qm,57,8752,a
qm,58,8775,a
qm,58,8775,68
qm,58,8775,a
qm,58,8817,46
qm,58,8817,a
qm,58,8817,a
qm,58,8817,a
qm,58,8861,a
qm,58,8861,a
qm,58,8861,a
qm,58,8861,67
qm,58,8861,a
qm,58,8861,a
qm,58,8861,a
qm,58,8861,252
qm,58,9040,51
qm,58,9040,120
qm,58,9040,265
qm,58,9040,73
qm,58,9040,31
qm,58,9040,11
qm,59,9725,207
qm,59,9725,a
qm,59,9725,a
qm,59,9725,a
qm,59,9725,a
qm,59,9725,a
qm,59,9725,a
qm,59,9725,a
qm,59,9725,61
qm,59,9725,89
qm,59,9779,71
qm,59,9779,143
qm,59,9779,a
qm,59,9779,71
qm,59,9779,137
qm,59,9779,230
qm,59,108,150
qm,59,108,a
qm,59,108,244
qm,59,108,a
qm,59,108,a
qm,59,108,a
qm,59,108,a
qm,59,108,a
qm,59,108,a
qm,59,1523,178
qm,59,1523,a
qm,59,1523,a
qm,59,1744,264
qm,59,1744,53
qm,59,1744,196
qm,59,1744,53
qm,59,1744,25
qm,59,1744,81
qm,60,179,42
qm,60,179,277
qm,60,179,a
qm,60,179,a
qm,60,179,118
qm,60,180,a
qm,60,180,a
qm,60,180,108
qm,60,180,a
qm,60,2152,a
qm,60,2152,a
qm,60,2152,208
qm,60,2152,a
qm,60,2152,a
qm,60,2152,161
qm,60,2152,20
qm,60,2152,231
qm,60,2383,242
qm,60,2383,a
qm,60,3173,130
qm,60,3173,a
qm,60,3173,a
qm,60,3390,216
qm,61,348,a
qm,61,348,160
qm,61,348,236
qm,61,3932,137
qm,61,3932,279
qm,61,4206,154
qm,61,4388,4
qm,61,5410,244
qm,61,5410,128
qm,61,5410,243
qm,61,5410,150
qm,62,5472,38
qm,62,5472,279
qm,62,5472,45
qm,62,5472,16
qm,62,5472,a
qm,62,5472,114
qm,62,5472,43
qm,62,5472,a
qm,62,5472,a
qm,62,5557,185
qm,62,5842,a
qm,62,5842,68
qm,62,5842,67
qm,62,5842,a
qm,62,5842,70
qm,62,5842,a
qm,62,5842,207
qm,62,5842,a
qm,62,5872,152
qm,62,5872,a
qm,62,5872,124
qm,62,5872,265
qm,62,5872,57
qm,62,5872,25
qm,62,5872,54
qm,62,5872,78
qm,62,5872,175
qm,62,6300,a
qm,62,6300,7
qm,63,6317,283
qm,63,6317,a
qm,63,6317,a
qm,63,6317,65
qm,63,6317,137
qm,63,6317,62
qm,63,6317,90
qm,63,6317,90
qm,63,6317,230
qm,63,6743,a
qm,63,6743,a
qm,63,6743,182
qm,63,6743,253
qm,63,694,172
qm,63,694,a
qm,63,694,8
qm,63,694,a
qm,63,694,a
qm,63,694,a
qm,63,744,a
qm,63,744,a
qm,63,744,149
qm,63,744,a
qm,63,744,a
qm,63,7652,a
qm,63,7652,152
qm,63,7652,a
qm,63,7652,a
qm,63,7652,a
qm,64,7833,46
qm,64,7833,23
qm,64,7833,a
qm,64,7833,a
qm,64,7833,158
qm,64,806,190
qm,64,806,231
qm,64,806,18
qm,64,806,66
qm,64,806,236
qm,64,806,253
qm,64,8752,21
qm,64,8775,179
qm,64,8775,54
qm,64,8775,243
qm,64,8775,198
qm,64,8775,246
qm,64,8775,244
qm,64,8775,80
qm,64,8817,a
qm,64,8817,24
qm,64,8817,a
qm,64,8817,a
qm,64,8817,a
qm,64,8817,a
qm,64,8817,a
qm,64,8817,a
qm,65,9040,87
qm,65,9402,276
qm,65,9402,a
qm,65,9402,a
qm,65,9402,286
qm,65,9402,281
qm,65,9402,62
qm,65,9402,113
qm,65,9404,a
qm,65,9404,a
qm,65,9404,a
qm,65,9404,a
qm,65,9404,278
qm,65,9404,a
qm,65,9404,a
qm,65,9404,a
qm,65,9693,a
qm,65,9693,126
qm,65,9693,a
qm,65,9693,a
qm,65,9693,a
qm,65,9693,a
qm,65,9693,a
qm,65,9693,a
qm,65,9693,a
qm,65,9693,a
qm,65,9725,200
qm,65,9725,250
qm,65,9725,57
qm,65,9725,2
qm,65,9725,1
qm,65,9779,275
qm,65,9779,a
qm,65,9779,149
qm,65,9779,96
qm,65,9779,105
qm,65,9779,248
qm,65,9779,175
qm,65,9779,28
qm,65,9779,79
qm,65,9779,244
qm,66,1744,44
qm,66,1744,214
qm,66,1744,286
qm,66,1744,a
qm,66,179,195
qm,66,180,265
qm,66,2152,248
qm,66,2152,a
qm,66,2152,250
qm,67,2383,94
qm,67,2383,a
qm,67,2383,234
qm,67,3173,a
qm,67,3173,a
qm,67,3173,186
qm,67,3173,257
qm,67,3173,12
qm,67,3173,230
qm,67,3173,162
qm,67,3173,156
qm,67,3173,165
qm,67,3390,205
qm,67,3390,a
qm,67,3390,a
qm,67,3390,254
qm,67,348,103
qm,67,3627,242
qm,67,3627,a
qm,67,3627,a
qm,67,3627,a
qm,67,3627,a
qm,67,3627,a
qm,67,3627,a
qm,67,3627,a
qm,67,3627,a
qm,67,3932,a
qm,67,3932,75
qm,67,3932,a
qm,67,3932,a
qm,67,3932,a
qm,67,3932,131
qm,67,3932,149
qm,67,3932,a
qm,67,3932,a
qm,67,3932,a
qm,68,4206,235
qm,68,4206,160
qm,68,4206,a
qm,68,4206,a
qm,68,4206,a
qm,68,4206,a
qm,68,4388,a
qm,68,4388,116
qm,68,4388,138
qm,68,4388,93
qm,68,4388,61
qm,68,4388,44
qm,68,4388,279
qm,68,5410,a
qm,68,5410,a
qm,68,5410,47
qm,68,5410,a
qm,68,5472,103
qm,68,5472,73
qm,68,5472,146
qm,68,5557,244
qm,68,5557,a
qm,68,5557,216
qm,68,5557,a
qm,68,5557,225
qm,68,5842,248
qm,69,5872,a
qm,69,5872,a
qm,69,5872,109
qm,69,5872,a
qm,69,5872,278
qm,69,5872,160
qm,69,59,36
qm,69,59,a
qm,69,59,a
qm,69,59,a
qm,69,6300,a
qm,69,6300,12
qm,69,6300,255
qm,69,6300,60
qm,69,6300,108
qm,69,6300,36
qm,69,6300,118
qm,69,6300,209
qm,69,6300,186
qm,69,6317,244
qm,69,6686,176
qm,69,6686,171
qm,69,6686,199
qm,69,6686,a
qm,69,6686,a
qm,69,6686,152
qm,69,6686,128
qm,69,6686,78
qm,69,6686,a
qm,69,6743,a
qm,69,6743,176
qm,69,6743,250
qm,69,6743,202
qm,69,6743,26
qm,70,694,23
qm,70,694,108
qm,70,694,141
qm,70,744,110
qm,70,7652,a
qm,70,7652,256
qm,70,7652,a
qm,70,7652,281
qm,70,7652,165
qm,70,7652,160
qm,70,7652,119
qm,70,7833,8
qm,70,7833,a
qm,70,806,a
qm,70,806,a
qm,70,806,a
qm,70,806,a
qm,70,806,a
qm,70,806,55
qm,70,806,194
qm,70,806,a
qm,70,806,a
qm,71,8775,a
qm,71,8775,42
qm,71,8775,158
qm,71,8775,a
qm,71,8861,254
qm,71,8861,a
qm,71,8861,69
qm,71,8861,140
qm,71,9040,a
qm,71,9040,a
qm,71,9040,2
qm,71,9040,96
qm,71,9040,28
qm,71,9040,193
qm,71,9040,48
qm,71,9040,227
qm,71,9040,127
qm,71,9402,25
qm,71,9402,154
qm,71,9404,a
qm,71,9404,58
qm,71,9404,146
qm,71,9404,33
qm,71,9404,27
qm,71,9404,169
qm,72,9693,286
qm,72,9725,211
qm,72,9725,a
qm,72,9725,a
qm,72,9779,166
qm,72,9779,45
qm,72,9779,a
qm,72,9779,a
qm,72,9779,a
qm,72,9779,a
qm,72,9779,a
qm,72,9779,a
qm,72,108,75
qm,72,108,a
qm,72,1523,a
qm,72,1523,27
qm,72,1744,271
qm,73,179,160
qm,73,179,237
qm,73,179,a
qm,73,179,a
qm,73,180,a
qm,73,180,205
qm,73,180,21
qm,73,180,a
qm,73,180,138
qm,73,180,167
qm,73,180,253
qm,73,180,71
qm,73,180,184
qm,73,180,167
qm,73,2152,a
qm,73,2152,160
qm,73,2152,210
qm,73,2152,a
qm,73,2152,212
qm,73,2152,165
qm,73,2152,a
qm,73,2152,115
qm,73,2152,95
qm,73,2152,209
qm,73,2383,a
qm,73,2383,5
qm,73,2383,226
qm,73,2383,103
qm,73,3173,244
qm,73,3173,a
qm,73,3173,9
qm,73,3173,271
qm,73,3390,a
qm,73,3390,172
qm,73,3390,217
qm,73,3390,a
qm,73,3390,35
qm,73,3390,a
qm,73,3390,148
qm,74,3627,285
qm,74,3627,280
qm,74,3627,87
qm,74,3627,a
qm,74,3627,a
qm,74,3627,a
qm,74,3627,a
qm,74,3627,a
qm,74,3627,a
qm,74,3932,164
qm,74,3932,a
qm,74,3932,23
qm,74,4206,a
qm,74,4206,146
qm,74,4206,102
qm,74,4206,5
qm,74,4206,242
qm,74,4206,175
qm,74,4206,154
qm,74,4206,35
qm,74,4206,216
qm,74,4206,224
qm,74,4388,101
qm,74,4388,193
qm,74,4388,171
qm,74,4388,125
qm,74,4388,248
qm,74,4388,107
qm,74,4388,102
qm,74,4388,194
qm,74,4388,126
qm,74,4388,124
qm,74,5410,a
qm,74,5410,80
qm,74,5410,4
qm,74,5410,266
qm,74,5410,a
qm,74,5410,266
qm,74,5410,11
qm,74,5410,227
qm,75,5472,22
qm,75,5472,113
qm,75,5472,a
qm,75,5472,a
qm,75,5472,a
qm,75,5557,85
qm,75,5557,46
qm,75,5557,a
qm,75,59,8
qm,75,59,a
qm,75,59,a
qm,75,59,a
qm,75,59,a
qm,75,59,a
qm,75,59,a
qm,75,6300,a
qm,75,6300,200
qm,75,6300,176
qm,76,6317,a
qm,76,6317,204
qm,76,6317,a
qm,76,6317,a
qm,76,6317,284
qm,76,6317,167
qm,76,6686,a
qm,76,6686,276
qm,76,6686,190
qm,76,6686,182
qm,76,6686,86
qm,76,6686,253
qm,76,6686,235
qm,76,6686,84
qm,76,6743,212
qm,76,6743,a
qm,76,6743,a
qm,76,6743,a
qm,76,694,123
qm,76,694,146
qm,76,694,130
qm,76,694,122
qm,76,694,144
qm,76,694,27
qm,76,694,30
qm,76,744,174
qm,76,744,179
qm,76,744,24
qm,76,744,169
qm,76,744,242
qm,76,744,198
qm,76,744,75
qm,76,7652,a
qm,76,7652,a
qm,76,7652,217
qm,76,7652,244
qm,76,7652,52
qm,76,7652,a
qm,76,7652,a
qm,76,7652,a
qm,76,7652,a
qm,76,7652,a
qm,77,806,a
qm,77,806,19
qm,77,806,39
qm,77,806,a
qm,77,806,a
qm,77,806,a
qm,77,806,a
qm,77,8752,a
qm,77,8752,138
qm,77,8752,111
qm,77,8752,a
qm,77,8752,161
qm,77,8752,a
qm,77,8752,180
qm,77,8752,13
qm,77,8752,282
qm,77,8817,a
qm,77,8817,224
qm,77,8861,a
qm,77,8861,267
qm,77,8861,3
qm,77,8861,a
qm,77,8861,a
qm,78,9040,213
qm,78,9040,212
qm,78,9040,94
qm,78,9040,84
qm,78,9040,16
qm,78,9402,210
qm,78,9402,a
qm,78,9402,a
qm,78,9402,162
qm,78,9402,156
qm,78,9402,a
qm,78,9402,a
qm,78,9402,a
qm,78,9402,a
qm,78,9404,210
qm,78,9404,a
qm,78,9404,a
qm,78,9404,235
qm,78,9693,106
qm,78,9693,268
qm,78,9693,a
qm,78,9693,128
qm,78,9693,150
qm,78,9693,223
qm,78,9693,121
qm,78,9693,a
qm,78,9693,221
qm,78,9693,268
qm,78,9725,a
qm,78,9725,198
qm,78,9725,101
qm,78,9779,150
qm,78,9779,73
qm,78,9779,a
qm,78,9779,168
qm,78,9779,100
qm,78,9779,2
qm,78,9779,218
qm,78,9779,151
qm,78,9779,247
qm,78,9779,74
qm,79,1523,238
qm,79,1744,137
qm,79,179,96
qm,79,179,35
qm,79,179,241
qm,79,179,179
qm,79,179,a
qm,79,179,130
qm,79,179,55
qm,79,180,a
qm,79,180,32
qm,79,180,240
qm,79,180,a
qm,79,180,33
qm,79,180,241
qm,79,180,a
qm,79,180,4
qm,79,2152,152
qm,79,2152,78
qm,79,2152,a
qm,79,2152,a
qm,79,2152,a
qm,80,2383,164
qm,80,2383,a
qm,80,2383,140
qm,80,3173,19
qm,80,3173,276
qm,80,3173,156
qm,80,3390,161
qm,80,3390,239
qm,80,3390,a
qm,80,3390,39
qm,80,3390,12
qm,80,348,a
qm,80,348,121
qm,80,348,a
qm,80,348,a
qm,80,348,102
qm,80,348,a
qm,80,348,a
qm,80,348,a
qm,80,3627,a
qm,80,3627,179
qm,80,3627,a
qm,80,3627,a
qm,80,3627,a
qm,80,3627,a
qm,80,3932,198
qm,80,3932,74
qm,81,4388,258
qm,81,4388,a
qm,81,5410,68
qm,81,5410,a
qm,81,5410,164
qm,81,5410,86
qm,81,5472,a
qm,81,5472,240
qm,81,5557,99
qm,81,5557,265
qm,81,5557,272
qm,81,5557,226
qm,81,5557,a
qm,81,5557,a
qm,81,5557,a
qm,81,5557,a
qm,81,5842,a
qm,81,5842,123
qm,81,5842,221
qm,81,5842,168
qm,81,5842,122
qm,81,5842,56
qm,81,5842,146
qm,81,5842,144
qm,81,5842,105
qm,82,5872,a
qm,82,5872,165
qm,82,5872,68
qm,82,5872,117
qm,82,5872,183
qm,82,5872,285
qm,82,5872,166
qm,82,6300,a
qm,82,6300,a
qm,82,6300,18
qm,82,6300,253
qm,82,6300,113
qm,82,6300,139
qm,82,6300,84
qm,82,6317,27
qm,82,6317,a
qm,82,6317,a
qm,82,6317,a
qm,82,6317,a
qm,82,6317,a
qm,82,6317,a
qm,82,6317,a
qm,82,6317,a
qm,82,6686,194
qm,82,6686,197
qm,82,6686,177
qm,82,6686,129
qm,82,6686,146
qm,82,6743,a
qm,82,6743,273
qm,82,6743,127
qm,82,6743,31
qm,82,6743,a
qm,82,6743,a
qm,82,6743,266
qm,82,6743,58
qm,83,694,257
qm,83,694,139
qm,83,744,280
qm,83,744,280
qm,83,7652,a
qm,83,7652,a
qm,83,7652,12
qm,83,7652,43
qm,83,7833,a
qm,83,7833,a
qm,83,7833,50
qm,83,7833,242
qm,83,7833,273
qm,83,7833,153
qm,83,7833,264
qm,83,7833,81
qm,83,7833,129
qm,83,8752,223
qm,83,8752,a
qm,83,8752,a
qm,83,8752,a
qm,84,8775,88
qm,84,8775,253
qm,84,8775,182
qm,84,8775,66
qm,84,8817,a
qm,84,8817,140
qm,84,8817,a
qm,84,8817,17
qm,84,8817,108
qm,84,8861,38
qm,84,8861,a
qm,84,9040,196
qm,84,9402,267
qm,84,9402,a
qm,84,9404,a
qm,84,9404,a
qm,84,9404,100
qm,84,9404,52
qm,84,9404,99
qm,84,9404,200
qm,85,9725,116
qm,85,9725,262
qm,85,9725,111
qm,85,9725,70
qm,85,9725,279
qm,85,9725,a
qm,85,9725,a
qm,85,9779,a
qm,85,9779,162
qm,85,9779,166
qm,85,108,77
qm,85,1523,a
qm,85,1523,a
qm,85,1523,200
qm,85,1523,251
qm,85,1523,50
qm,85,1523,145
qm,85,1523,7
qm,85,1744,154
qm,85,1744,100
qm,85,1744,a
qm,85,1744,a
qm,85,1744,a
qm,85,1744,a
qm,85,1744,a
qm,86,179,a
qm,86,179,137
qm,86,179,133
qm,86,179,a
qm,86,180,61
qm,86,180,190
qm,86,180,161
qm,86,180,12
qm,86,180,280
qm,86,180,44
qm,86,180,190
qm,86,180,63
qm,86,180,276
qm,86,180,237
qm,86,2152,253
qm,86,2152,228
qm,86,2152,a
qm,86,2152,215
qm,86,2152,187
qm,86,2152,a
qm,86,2152,a
qm,86,2383,a
qm,86,2383,a
qm,86,2383,33
qm,86,3173,a
qm,86,3173,a
qm,86,3173,a
qm,86,3173,a
qm,86,3173,153
qm,86,3173,27
qm,86,3173,28
qm,86,3390,75
qm,86,3390,a
qm,86,3390,a
qm,87,348,37
qm,87,348,a
qm,87,348,236
qm,87,348,286
qm,87,348,230
qm,87,348,209
qm,87,348,12
qm,87,348,111
qm,87,3627,88
qm,87,3627,a
qm,87,3627,279
qm,87,3627,258
qm,87,3627,a
qm,87,3627,211
qm,87,3627,157
qm,87,3627,164
qm,87,3932,a
qm,87,3932,182
qm,87,3932,37
qm,87,3932,92
qm,87,3932,233
qm,87,3932,254
qm,87,3932,258
qm,87,3932,252
qm,87,4206,a
qm,87,4206,35
qm,87,4206,a
qm,87,4206,168
qm,87,4206,193
qm,87,4206,77
qm,87,4206,0
qm,87,4206,106
qm,87,4206,198
qm,87,4388,a
qm,87,4388,3
qm,87,4388,57
qm,87,4388,a
qm,87,4388,120
qm,87,4388,48
qm,87,4388,247
qm,87,4388,227
qm,87,4388,96
qm,87,5410,a
qm,87,5410,219
qm,87,5410,a
qm,87,5410,a
qm,87,5410,a
qm,87,5410,a
qm,87,5410,a
qm,87,5410,a
qm,87,5410,a
qm,87,5410,a
qm,88,5472,67
qm,88,5472,a
qm,88,5472,94
qm,88,5472,46
qm,88,5472,15
qm,88,5557,87
qm,88,5557,a
qm,88,5557,a
qm,88,5557,a
qm,88,5557,a
qm,88,5557,a
qm,88,5557,a
qm,88,5842,a
qm,88,5842,a
qm,88,5842,17
qm,88,5872,a
qm,88,5872,74
qm,88,5872,81
qm,88,5872,179
qm,88,5872,249
qm,88,5872,144
qm,88,5872,98
qm,88,59,222
qm,88,59,146
qm,88,59,220
qm,88,59,222
qm,88,6300,a
qm,88,6300,152
qm,88,6300,a
qm,89,6686,a
qm,89,6686,a
qm,89,6686,252
qm,89,6686,a
qm,89,6686,a
qm,89,6686,a
qm,89,6686,a
qm,89,6743,183
qm,89,6743,214
qm,89,6743,118
qm,89,6743,230
qm,89,694,1
qm,89,694,272
qm,89,694,203
qm,89,694,144
qm,89,694,a
qm,89,694,216
qm,89,694,a
qm,89,694,148
qm,89,744,267
qm,89,744,102
qm,89,7652,a
qm,89,7652,a
qm,89,7652,1
qm,89,7652,a
qm,90,7833,230
qm,90,7833,a
qm,90,7833,252
qm,90,7833,a
qm,90,7833,a
qm,90,7833,a
qm,90,7833,a
qm,90,7833,12
qm,90,7833,a
qm,90,806,a
qm,90,806,252
qm,90,806,19
qm,90,806,209
qm,90,806,89
qm,90,806,a
qm,90,806,a
qm,90,806,a
qm,90,8752,a
qm,90,8752,238
qm,90,8752,a
qm,90,8752,a
qm,90,8752,239
qm,90,8752,47
qm,90,8775,76
qm,90,8775,72
qm,90,8775,103
qm,90,8775,103
qm,90,8861,76
qm,90,8861,a
qm,90,8861,a
qm,90,8861,a
qm,90,8861,a
qm,91,9040,44
qm,91,9040,163
qm,91,9040,229
qm,91,9040,89
qm,91,9040,190
qm,91,9040,162
qm,91,9402,a
qm,91,9402,a
qm,91,9402,a
qm,91,9402,a
qm,91,9402,86
qm,91,9402,a
qm,91,9402,a
qm,91,9402,286
qm,91,9402,a
qm,91,9404,279
qm,91,9404,162
qm,91,9725,124
qm,91,9725,27
qm,91,9725,a
qm,91,9725,25
qm,91,9779,247
qm,91,9779,a
qm,92,108,a
qm,92,108,a
qm,92,108,89
qm,92,108,a
qm,92,1523,182
qm,92,1744,a
qm,92,1744,a
qm,92,1744,a
qm,92,1744,a
qm,92,1744,184
qm,92,1744,260
qm,92,1744,139
qm,92,1744,166
qm,92,1744,213
qm,92,179,a
qm,92,179,a
qm,92,179,a
qm,92,179,245
qm,92,179,a
qm,92,179,179
qm,92,180,a
qm,92,180,202
qm,92,2152,148
qm,92,2152,171
qm,92,2152,a
qm,92,2152,a
qm,92,2152,a
qm,92,2152,a
qm,92,2152,a
qm,92,2152,a
qm,92,2152,a
qm,93,2383,211
qm,93,2383,138
qm,93,2383,280
qm,93,3173,a
qm,93,3173,285
qm,93,3173,17
qm,93,3173,a
qm,93,3173,277
qm,93,3173,a
qm,93,3173,19
qm,93,3173,a
qm,93,3173,a
qm,93,3390,162
qm,93,3390,23
qm,93,3390,259
qm,93,3390,156
qm,93,348,75
qm,93,348,144
qm,93,348,a
qm,93,348,a
qm,93,348,a
qm,93,3627,a
qm,93,3627,51
qm,93,3627,a
qm,93,3627,29
qm,93,3627,147
qm,93,3627,202
qm,93,3627,195
qm,93,3627,100
qm,93,3627,11
qm,93,3627,245
qm,94,4206,133
qm,94,4388,a
qm,94,4388,a
qm,94,4388,88
qm,94,4388,a
qm,94,4388,a
qm,94,4388,a
qm,94,4388,a
qm,94,4388,a
qm,94,4388,a
qm,94,4388,a
qm,94,5410,238
qm,94,5410,134
qm,94,5410,92
qm,94,5410,46
qm,94,5472,251
qm,94,5557,a
qm,94,5557,a
qm,94,5557,a
qm,94,5557,a
qm,94,5557,55
qm,94,5557,198
qm,94,5557,a
qm,94,5557,a
qm,94,5842,a
qm,94,5842,100
qm,94,5842,59
qm,94,5842,30
qm,95,5872,258
qm,95,5872,a
qm,95,5872,a
qm,95,5872,a
qm,95,5872,a
qm,95,5872,a
qm,95,59,a
qm,95,59,143
qm,95,59,185
qm,95,59,68
qm,95,6317,a
qm,95,6317,131
qm,95,6317,247
qm,95,6317,33
qm,95,6317,11
qm,95,6317,179
qm,95,6686,a
qm,95,6686,247
qm,95,6686,a
qm,95,6686,155
qm,95,6686,267
qm,95,6686,56
qm,95,6686,130
qm,95,6743,264
qm,95,6743,175
qm,95,6743,121
qm,95,6743,a
qm,95,6743,a
qm,95,6743,a
qm,95,6743,0
qm,95,6743,a
qm,95,6743,a
qm,96,694,a
qm,96,694,279
qm,96,694,287
qm,96,744,a
qm,96,744,a
qm,96,744,39
qm,96,744,a
qm,96,744,a
qm,96,744,182
qm,96,744,a
qm,96,7833,128
qm,96,7833,32
qm,96,7833,0
qm,96,806,a
qm,96,806,11
qm,96,806,8
qm,96,8752,a
qm,96,8752,48
qm,96,8752,50
qm,96,8752,169
qm,96,8752,218
qm,96,8752,51
qm,96,8752,7
qm,96,8752,266
qm,96,8752,275
qm,96,8752,122
qm,97,8775,a
qm,97,8775,a
qm,97,8775,111
qm,97,8775,a
qm,97,8775,60
qm,97,8775,a
qm,97,8775,256
qm,97,8817,257
qm,97,8861,a
qm,97,8861,a
qm,97,8861,112
qm,97,8861,281
qm,97,8861,63
qm,97,8861,43
qm,97,9040,a
qm,97,9040,a
qm,97,9040,170
qm,97,9402,6
qm,97,9404,a
qm,97,9404,a
qm,97,9404,a
qm,97,9404,a
qm,97,9404,224
qm,97,9404,a
qm,97,9404,a
qm,98,9693,67
qm,98,9693,258
qm,98,9693,a
qm,98,9693,255
qm,98,9693,a
qm,98,9693,256
qm,98,9725,228
qm,98,108,a
qm,98,108,28
qm,98,108,53
qm,98,108,127
qm,98,108,269
qm,98,108,78
qm,98,108,169
qm,98,108,59
qm,98,108,128
qm,98,108,203
qm,98,1523,74
qm,98,1523,a
qm,98,1523,a
qm,98,1523,a
qm,98,1523,a
qm,98,1523,4
qm,98,1523,52
qm,98,1523,33
qm,98,1744,202
qm,98,1744,106
qm,98,1744,174
qm,98,1744,33
qm,98,1744,195
qm,98,1744,264
qm,98,1744,195
qm,99,179,110
qm,99,179,108
qm,99,179,a
qm,99,179,a
qm,99,180,a
qm,99,180,110
qm,99,180,132
qm,99,2152,157
qm,99,2152,252
qm,99,2152,a
qm,99,2152,158
qm,99,2152,280
qm,99,2383,a
qm,99,2383,80
qm,99,2383,74
qm,99,3173,121
qm,99,3173,a
qm,99,3173,271
qm,99,3173,250
qm,99,3173,a
qm,99,3173,150
qm,99,3390,a
qm,99,3390,a
qm,99,3390,a
qm,99,3390,a
qm,99,3390,a
qm,99,3390,155
qm,99,3390,50
qm,100,348,18
qm,100,348,a
qm,100,348,a
qm,100,3627,67
qm,100,3627,88
qm,100,3627,a
qm,100,3627,283
qm,100,3627,a
qm,100,3627,14
qm,100,3627,a
qm,100,3627,228
qm,100,3627,a
qm,100,3627,a
qm,100,3932,158
qm,100,4206,82
qm,100,4206,53
qm,100,4206,25
qm,100,4206,242
qm,100,4206,192
qm,100,4388,219
qm,100,4388,178
qm,100,4388,11
qm,100,4388,174
qm,100,4388,58
qm,100,5410,222
qm,100,5410,193
qm,100,5410,a
qm,100,5410,120
qm,100,5410,249
qm,1,108,62
qm,1,108,188
qm,1,108,47
qm,1,1523,46
qm,1,1523,164
qm,1,179,227
qm,1,179,130
qm,1,179,150
qm,1,179,59
qm,1,179,73
qm,1,180,120
qm,1,180,170
qm,1,180,53
qm,1,180,6
qm,1,180,244
qm,1,180,104
qm,1,180,199
qm,1,2152,34
qm,1,2152,48
qm,1,2152,224
qm,1,2152,100
qm,2,2383,132
qm,2,3173,156
qm,2,3173,256
qm,2,3173,212
qm,2,3173,38
qm,2,3390,87
qm,2,3390,286
qm,2,3390,85
qm,2,3390,191
qm,2,3390,166
qm,2,3390,15
qm,2,348,50
qm,2,3627,265
qm,2,3932,103
qm,3,4206,47
qm,3,4206,93
qm,3,4206,208
qm,3,4206,115
qm,3,4206,12
qm,3,4206,191
qm,3,4206,163
qm,3,4388,283
qm,3,4388,40
qm,3,4388,46
qm,3,4388,136
qm,3,4388,68
qm,3,4388,284
qm,3,4388,93
qm,3,4388,263
qm,3,4388,71
qm,3,5472,194
qm,3,5557,2
qm,3,5557,154
qm,3,5557,122
qm,3,5557,82
qm,3,5557,80
qm,3,5557,149
qm,3,5557,56
qm,3,5557,173
qm,3,5842,124
qm,3,5842,98
qm,3,5842,241
qm,3,5842,33
qm,3,5842,28
qm,3,5842,178
qm,3,5842,202
qm,3,5842,225
qm,3,5842,194
qm,3,5842,51
qm,4,5872,45
qm,4,5872,283
qm,4,5872,89
qm,4,5872,205
qm,4,59,64
qm,4,59,71
qm,4,59,113
qm,4,59,117
qm,4,59,259
qm,4,59,36
qm,4,59,232
qm,4,59,138
qm,4,59,278
qm,4,59,86
qm,4,6300,276
qm,4,6300,210
qm,4,6300,277
qm,4,6317,268
qm,4,6317,192
qm,4,6317,172
qm,4,6317,153
qm,4,6317,225
qm,4,6317,144
qm,4,6317,144
qm,4,6317,32
qm,4,6686,171
qm,4,6686,97
qm,4,6686,128
qm,4,6686,172
qm,4,6686,106
qm,4,6686,10
qm,4,6686,81
qm,4,6686,0
qm,5,694,213
qm,5,694,64
qm,5,694,84
qm,5,694,110
qm,5,694,115
qm,5,744,163
qm,5,744,287
qm,5,7652,158
qm,5,7652,136
qm,5,7652,108
qm,5,7652,162
qm,5,7652,187
qm,5,7652,44
qm,5,7652,253
qm,5,7652,138
qm,5,7652,237
qm,5,7652,37
qm,5,7833,240
qm,5,7833,26
qm,5,7833,104
qm,5,806,197
qm,5,8752,2
qm,5,8752,247
qm,5,8752,82
qm,5,8752,245
qm,5,8752,155
qm,5,8752,81
qm,5,8752,151
qm,6,8775,41
qm,6,8775,259
qm,6,8775,210
qm,6,8775,213
qm,6,8775,191
qm,6,8775,210
qm,6,8775,92
qm,6,8775,252
qm,6,8861,108
qm,6,9040,56
qm,6,9040,103
qm,6,9040,226
qm,6,9040,24
qm,6,9040,73
qm,6,9040,99
qm,6,9040,144
qm,6,9040,24
qm,6,9040,195
qm,6,9402,219
qm,6,9402,149
qm,6,9404,264
qm,6,9404,146
qm,6,9404,104
qm,6,9404,29
qm,6,9404,97
qm,6,9404,100
qm,6,9404,171
qm,6,9404,28
qm,6,9404,34
qm,7,9693,19
qm,7,9693,65
qm,7,9725,66
qm,7,9725,276
qm,7,9725,253
qm,7,9779,36
qm,7,9779,91
qm,7,108,3
qm,7,108,247
qm,7,108,125
qm,7,108,35
qm,7,108,99
qm,7,108,6
qm,7,108,75
qm,7,1523,249
qm,7,1523,103
qm,7,1523,244
qm,7,1744,51
qm,7,1744,74
qm,7,1744,219
qm,7,1744,274
qm,7,1744,83
qm,7,1744,192
qm,7,1744,75
qm,7,1744,245
qm,7,1744,52
qm,8,179,283
qm,8,179,37
qm,8,179,68
qm,8,179,210
qm,8,180,182
qm,8,180,23
qm,8,180,256
qm,8,180,181
qm,8,180,235
qm,8,180,213
qm,8,180,253
qm,8,180,62
qm,8,180,260
qm,8,2152,189
qm,8,2152,135
qm,8,2152,143
qm,8,2383,266
qm,8,2383,201
qm,8,2383,8
qm,8,2383,275
qm,8,3173,81
qm,8,3173,178
qm,8,3173,131
qm,8,3173,58
qm,8,3173,74
qm,8,3173,33
qm,8,3173,103
qm,8,3173,178
qm,8,3390,9
qm,8,3390,25
qm,8,3390,82
qm,8,3390,107
qm,8,3390,227
qm,8,3390,171
qm,9,3627,21
qm,9,3627,143
qm,9,3627,92
qm,9,3627,286
qm,9,3627,235
qm,9,3932,276
qm,9,3932,282
qm,9,3932,190
qm,9,3932,191
qm,9,3932,142
qm,9,4206,151
qm,9,4206,249
qm,9,4206,250
qm,9,4206,24
qm,9,4206,83
qm,9,4388,104
qm,9,4388,122
qm,9,4388,224
qm,9,4388,57
qm,9,4388,10
qm,9,4388,241
qm,9,4388,52
qm,9,4388,78
qm,9,5410,217
qm,9,5410,126
qm,10,5472,132
qm,10,5557,207
qm,10,5557,237
qm,10,5842,262
qm,10,5872,124
qm,10,5872,199
qm,10,5872,193
qm,10,5872,192
qm,10,5872,217
qm,10,5872,34
qm,10,5872,79
qm,10,5872,202
qm,10,59,218
qm,10,59,9
qm,10,59,146
qm,10,59,153
qm,10,59,3
qm,10,59,194
qm,10,59,55
qm,10,59,120
qm,10,6300,251
qm,10,6300,129
qm,10,6300,271
qm,10,6300,58
qm,10,6300,171
qm,10,6300,32
qm,11,6317,260
qm,11,6317,112
qm,11,6317,186
qm,11,6686,87
qm,11,6686,210
qm,11,6686,17
qm,11,6686,255
qm,11,6686,42
qm,11,6686,141
qm,11,6743,252
qm,11,6743,93
qm,11,6743,231
qm,11,6743,68
qm,11,6743,189
qm,11,6743,180
qm,11,694,171
qm,11,694,78
qm,11,694,96
qm,11,694,30
qm,11,694,52
qm,11,744,267
qm,11,744,127
qm,11,744,96
qm,11,744,248
qm,11,744,177
qm,11,744,56
qm,11,744,50
qm,12,7833,136
qm,12,7833,183
qm,12,7833,278
qm,12,7833,93
qm,12,7833,281
qm,12,8752,38
qm,12,8752,276
qm,12,8752,90
qm,12,8752,69
qm,12,8752,136
qm,12,8775,73
qm,12,8775,83
qm,12,8775,121
qm,12,8775,26
qm,12,8775,249
qm,12,8775,223
qm,12,8817,243
qm,12,8817,106
qm,12,8817,72
qm,12,8817,220
qm,12,8817,201
qm,12,8817,107
qm,12,8817,155
qm,12,8861,221
qm,12,8861,81
qm,12,8861,52
qm,12,8861,128
qm,12,8861,264
qm,12,8861,83
qm,12,8861,197
qm,12,8861,5
qm,13,9040,213
qm,13,9040,109
qm,13,9040,159
qm,13,9040,281
qm,13,9040,138
qm,13,9040,236
qm,13,9040,93
qm,13,9402,138
qm,13,9402,119
qm,13,9402,113
qm,13,9402,185
qm,13,9402,139
qm,13,9402,262
qm,13,9402,181
qm,13,9402,137
qm,13,9402,62
qm,13,9402,43
qm,13,9404,132
qm,13,9404,182
qm,13,9404,18
qm,13,9404,259
qm,13,9404,258
qm,13,9404,215
qm,13,9404,133
qm,13,9693,154
qm,13,9693,226
qm,13,9693,197
qm,13,9693,49
qm,13,9693,216
qm,13,9693,218
qm,13,9779,48
qm,13,9779,224
qm,13,9779,196
qm,13,9779,175
qm,13,9779,220
qm,14,108,39
qm,14,108,235
qm,14,1523,209
qm,14,1523,185
qm,14,1523,209
qm,14,1523,115
qm,14,1523,256
qm,14,1744,187
qm,14,1744,13
qm,14,1744,112
qm,14,1744,159
qm,14,179,178
qm,14,179,171
qm,14,179,201
qm,14,179,155
qm,14,179,220
qm,14,179,123
qm,14,179,240
qm,14,179,175
qm,14,179,121
qm,14,179,125
qm,14,180,50
qm,14,180,178
qm,14,180,196
qm,14,180,223
qm,14,180,177
qm,14,180,196
qm,14,180,127
qm,14,180,125
qm,14,2152,198
qm,14,2152,96
qm,14,2152,264
qm,14,2152,200
qm,14,2152,203
qm,14,2152,56
qm,14,2152,50
qm,14,2152,273
qm,14,2152,30
qm,14,2152,79
qm,15,2383,167
qm,15,2383,231
qm,15,2383,187
qm,15,2383,190
qm,15,2383,239
qm,15,2383,12
qm,15,3173,21
qm,15,3173,259
qm,15,3173,93
qm,15,3173,66
qm,15,3173,185
qm,15,3173,228
qm,15,348,9
qm,15,348,247
qm,15,348,125
qm,15,348,10
qm,15,348,51
qm,15,348,103
qm,15,348,52
qm,15,348,240
qm,15,348,246
qm,15,3627,96
qm,15,3627,55
qm,15,3627,148
qm,15,3932,11
qm,15,3932,34
qm,15,3932,101
qm,15,3932,221
qm,16,4206,21
qm,16,4206,209
qm,16,4206,281
qm,16,4206,38
qm,16,4206,156
qm,16,4206,38
qm,16,4206,277
qm,16,4206,233
qm,16,4206,44
qm,16,4206,94
qm,16,4388,113
qm,16,4388,190
qm,16,4388,284
qm,16,4388,180
qm,16,4388,190
qm,16,5410,46
qm,16,5410,108
qm,16,5410,207
qm,16,5410,117
qm,16,5410,36
qm,16,5410,141
qm,16,5410,115
qm,16,5410,93
qm,16,5472,198
qm,16,5472,53
qm,16,5472,198
qm,16,5472,4
qm,16,5472,2
qm,16,5472,250
qm,16,5472,216
qm,16,5472,249
qm,16,5472,241
qm,16,5842,121
qm,16,5842,98
qm,16,5842,196
qm,17,59,88
qm,17,59,85
qm,17,59,132
qm,17,6300,255
qm,17,6300,37
qm,17,6300,280
qm,17,6300,162
qm,17,6300,88
qm,17,6317,3
qm,17,6317,274
qm,17,6317,51
qm,17,6686,34
qm,17,6686,104
qm,17,6686,1
qm,17,6686,49
qm,17,6686,56
qm,17,6686,245
qm,17,6686,193
qm,17,6686,148
qm,17,6686,173
qm,17,6686,123
qm,18,694,160
qm,18,694,183
qm,18,694,287
qm,18,694,16
qm,18,744,252
qm,18,744,261
qm,18,744,136
qm,18,744,159
qm,18,744,210
qm,18,744,278
qm,18,744,36
qm,18,7652,92
qm,18,7833,34
qm,18,7833,73
qm,18,7833,248
qm,18,7833,222
qm,18,7833,103
qm,18,7833,147
qm,18,806,201
qm,18,806,24
qm,18,806,0
qm,18,806,1
qm,18,806,106
qm,18,806,81
qm,18,806,269
qm,18,806,74
qm,18,8752,81
qm,18,8752,49
qm,18,8752,49
qm,18,8752,50
qm,19,8775,116
qm,19,8775,184
qm,19,8775,252
qm,19,8775,188
qm,19,8775,85
qm,19,8775,47
qm,19,8775,285
qm,19,8817,161
qm,19,8817,136
qm,19,8817,36
qm,19,8817,232
qm,19,8817,185
qm,19,8817,253
qm,19,8817,65
qm,19,8817,206
qm,19,8817,167
qm,19,8861,183
qm,19,8861,91
qm,19,8861,61
qm,19,8861,277
qm,19,8861,277
qm,19,8861,91
qm,19,8861,215
qm,19,9040,171
qm,19,9040,203
qm,19,9040,105
qm,19,9040,9
qm,19,9040,169
qm,19,9040,220
qm,19,9040,50
qm,19,9040,54
qm,19,9040,58
qm,19,9040,269
qm,19,9402,152
qm,19,9402,169
qm,19,9402,152
qm,19,9404,216
qm,19,9404,82
qm,19,9404,151
qm,19,9404,201
qm,20,9693,280
qm,20,9693,252
qm,20,9693,45
qm,20,9693,39
qm,20,9725,277
qm,20,9779,164
qm,20,9779,85
qm,20,9779,283
qm,20,9779,258
qm,20,9779,70
qm,20,108,175
qm,20,108,219
qm,20,108,130
qm,20,108,48
qm,20,108,53
qm,20,108,172
qm,20,108,148
qm,20,108,195
qm,20,108,30
qm,20,1523,250
qm,20,1523,196
qm,20,1523,1
qm,20,1523,35
qm,20,1744,151
qm,20,1744,250
qm,20,1744,48
qm,20,1744,249
qm,20,1744,127
qm,20,1744,178
qm,21,179,84
qm,21,179,259
qm,21,179,212
qm,21,180,166
qm,21,180,85
qm,21,180,276
qm,21,180,258
qm,21,180,278
qm,21,180,260
qm,21,2152,38
qm,21,2152,285
qm,21,2152,232
qm,21,2152,231
qm,21,3173,168
qm,21,3173,270
qm,21,3173,248
qm,21,3173,78
qm,21,3173,218
qm,21,3173,219
qm,21,3173,202
qm,21,3173,203
qm,21,3390,48
qm,21,3390,219
qm,21,3390,271
qm,22,3627,232
qm,22,3932,109
qm,22,3932,283
qm,22,3932,108
qm,22,3932,237
qm,22,3932,184
qm,22,3932,185
qm,22,4388,227
qm,22,4388,170
qm,22,4388,131
qm,22,4388,245
qm,22,4388,226
qm,22,4388,7
qm,22,4388,179
qm,23,5472,114
qm,23,5472,69
qm,23,5472,262
qm,23,5472,189
qm,23,5472,13
qm,23,5472,254
qm,23,5472,44
qm,23,5557,114
qm,23,5557,239
qm,23,5557,140
qm,23,5557,71
qm,23,5557,139
qm,23,5557,88
qm,23,5557,259
qm,23,5557,134
qm,23,5557,278
qm,23,5842,260
qm,23,5842,16
qm,23,5842,184
qm,23,5842,209
qm,23,5842,256
qm,23,5842,190
qm,23,5842,286
qm,23,5842,39
qm,23,5872,57
qm,23,5872,102
qm,23,59,104
qm,23,59,154
qm,23,6300,122
qm,23,6300,271
qm,23,6300,56
qm,24,6317,46
qm,24,6317,215
qm,24,6317,167
qm,24,6317,70
qm,24,6317,20
qm,24,6317,20
qm,24,6317,93
qm,24,6317,14
qm,24,6317,93
qm,24,6686,42
qm,24,6686,262
qm,24,6686,12
qm,24,6686,238
qm,24,6686,253
qm,24,6686,231
qm,24,6743,230
qm,24,6743,133
qm,24,6743,37
qm,24,6743,166
qm,24,6743,93
qm,24,6743,253
qm,24,6743,13
qm,24,6743,112
qm,24,744,246
qm,24,744,144
qm,24,7652,9
qm,24,7652,240
qm,24,7652,198
qm,24,7652,10
qm,24,7652,240
qm,25,7833,229
qm,25,7833,158
qm,25,7833,112
qm,25,7833,232
qm,25,7833,110
qm,25,7833,164
qm,25,7833,113
qm,25,7833,282
qm,25,7833,110
qm,25,7833,235
qm,25,806,239
qm,25,8752,40
qm,25,8752,214
qm,25,8752,281
qm,25,8752,84
qm,25,8752,20
qm,25,8752,71
qm,25,8752,112
qm,25,8752,66
qm,25,8752,258
qm,25,8752,66
qm,25,8817,57
qm,25,8817,29
qm,25,8817,264
qm,25,8817,192
qm,25,8817,273
qm,25,8817,193
qm,25,8817,49
qm,25,8817,199
qm,25,8817,196
qm,25,8861,9
qm,25,8861,222
qm,25,8861,34
qm,25,8861,59
qm,25,8861,218
qm,25,8861,151
qm,25,8861,195
qm,25,8861,225
qm,26,9040,37
qm,26,9040,18
qm,26,9040,141
qm,26,9040,85
qm,26,9040,47
qm,26,9402,258
qm,26,9402,259
qm,26,9402,93
qm,26,9402,18
qm,26,9404,238
qm,26,9404,61
qm,26,9693,152
qm,26,9693,34
qm,26,9693,35
qm,26,9725,128
qm,26,9725,4
qm,26,9725,11
qm,26,9725,130
qm,26,9725,124
qm,26,9725,124
qm,26,9725,56
qm,26,9779,221
qm,26,9779,35
qm,26,9779,28
qm,26,9779,96
qm,26,9779,273
qm,27,108,165
qm,27,108,89
qm,27,108,214
qm,27,108,114
qm,27,108,252
qm,27,108,213
qm,27,108,187
qm,27,108,280
qm,27,108,282
qm,27,108,188
qm,27,1744,213
qm,27,1744,141
qm,27,1744,67
qm,27,1744,108
qm,27,1744,84
qm,27,179,175
qm,27,179,168
qm,27,179,130
qm,27,179,76
qm,27,179,72
qm,27,179,274
qm,27,179,240
qm,27,179,74
qm,27,179,172
qm,27,179,226
qm,27,180,244
qm,27,180,76
qm,27,180,202
qm,27,2152,77
qm,27,2152,29
qm,27,2152,83
qm,27,2152,175
qm,27,2152,0
qm,28,2383,213
qm,28,2383,19
qm,28,2383,110
qm,28,2383,234
qm,28,2383,91
qm,28,2383,109
qm,28,2383,160
qm,28,3173,278
qm,28,3173,91
qm,28,3173,47
qm,28,3173,117
qm,28,3390,279
qm,28,3390,61
qm,28,3390,108
qm,28,3390,158
qm,28,3390,119
qm,28,3390,41
qm,28,348,175
qm,28,348,83
qm,28,3627,196
qm,28,3627,107
qm,28,3627,240
qm,28,3627,152
qm,28,3627,104
qm,28,3627,145
qm,28,3627,177
qm,28,3627,59
qm,28,3932,222
qm,28,3932,244
qm,28,3932,122
qm,28,3932,124
qm,28,3932,144
qm,28,3932,35
qm,29,4206,235
qm,29,4206,180
qm,29,4206,134
qm,29,4206,257
qm,29,4206,164
qm,29,4206,92
qm,29,4206,135
qm,29,4206,157
qm,29,4206,278
qm,29,4206,63
qm,29,4388,94
qm,29,4388,280
qm,29,4388,209
qm,29,4388,21
qm,29,4388,234
qm,29,4388,63
qm,29,4388,236
qm,29,5410,234
qm,29,5410,206
qm,29,5410,66
qm,29,5410,46
qm,29,5410,209
qm,29,5410,139
qm,29,5410,46
qm,29,5472,122
qm,29,5472,168
qm,29,5472,33
qm,29,5472,198
qm,29,5472,27
qm,29,5472,200
qm,29,5472,73
qm,29,5557,25
qm,29,5842,198
qm,29,5842,97
qm,29,5842,245
qm,29,5842,150
qm,29,5842,220
qm,30,5872,89
qm,30,5872,93
qm,30,5872,215
qm,30,5872,14
qm,30,5872,19
qm,30,5872,257
qm,30,5872,231
qm,30,5872,228
qm,30,5872,111
qm,30,5872,139
qm,30,59,113
qm,30,59,139
qm,30,59,228
qm,30,59,68
qm,30,6300,15
qm,30,6317,144
qm,30,6317,52
qm,30,6317,74
qm,30,6317,242
qm,30,6317,34
qm,30,6317,202
qm,30,6317,11
qm,30,6686,52
qm,30,6686,104
qm,30,6686,103
qm,30,6686,242
qm,30,6686,55
qm,30,6686,248
qm,30,6686,179
qm,30,6686,248
qm,30,6686,101
qm,30,6686,31
qm,31,694,233
qm,31,694,191
qm,31,694,38
qm,31,694,141
qm,31,694,211
qm,31,694,278
qm,31,694,232
qm,31,694,286
qm,31,744,139
qm,31,744,205
qm,31,744,88
qm,31,744,256
qm,31,744,37
qm,31,744,165
qm,31,744,206
qm,31,744,166
qm,31,744,262
qm,31,7652,257
qm,31,7652,208
qm,31,7652,84
qm,31,7652,282
qm,31,7652,13
qm,31,7652,17
qm,31,7652,181
qm,31,7652,68
qm,31,7652,167
qm,31,7833,198
qm,31,806,270
qm,32,8775,95
qm,32,8775,14
qm,32,8775,260
qm,32,8775,208
qm,32,8775,232
qm,32,8775,47
qm,32,8817,278
qm,32,8817,159
qm,32,8817,40
qm,32,8817,253
qm,32,8817,13
qm,32,8817,60
qm,32,8861,214
qm,32,8861,259
qm,32,8861,90
qm,32,8861,110
qm,32,8861,60
qm,32,8861,237
qm,32,8861,70
qm,32,9040,129
qm,32,9040,152
qm,32,9040,250
qm,32,9040,56
qm,32,9040,216
qm,32,9040,7
qm,32,9402,147
qm,32,9402,1
qm,32,9402,29
qm,32,9402,31
qm,32,9402,9
qm,32,9402,246
qm,32,9402,201
qm,32,9402,202
qm,32,9404,148
qm,32,9404,32
qm,33,9693,68
qm,33,9693,190
qm,33,9725,108
qm,33,9725,86
qm,33,9725,38
qm,33,9725,136
qm,33,9779,86
qm,33,9779,117
qm,33,9779,20
qm,33,9779,276
qm,33,108,144
qm,33,1523,72
qm,33,1523,271
qm,33,1523,102
qm,33,1523,131
qm,33,1523,53
qm,33,1744,5
qm,33,1744,32
qm,33,1744,130
qm,33,1744,96
qm,33,1744,272
qm,34,179,64
qm,34,179,45
qm,34,179,63
qm,34,179,185
qm,34,179,257
qm,34,179,142
qm,34,179,263
qm,34,179,167
qm,34,180,134
qm,34,180,229
qm,34,180,141
qm,34,180,281
qm,34,2152,17
qm,34,2152,109
qm,34,2152,253
qm,34,2152,114
qm,34,2152,41
qm,34,2383,149
qm,34,2383,121
qm,34,2383,51
qm,34,2383,202
qm,34,2383,153
qm,34,2383,196
qm,34,2383,129
qm,34,3173,241
qm,34,3173,49
qm,34,3173,0
qm,34,3173,176
qm,34,3173,270
qm,34,3173,31
qm,34,3390,104
qm,34,3390,168
qm,34,3390,130
qm,34,3390,31
qm,34,3390,32
qm,34,3390,7
qm,34,3390,2
qm,35,3627,40
qm,35,3932,253
qm,35,3932,132
qm,35,3932,113
qm,35,3932,141
qm,35,3932,40
qm,35,3932,204
qm,35,3932,119
qm,35,3932,115
qm,35,4388,192
qm,35,4388,250
qm,35,4388,222
qm,35,4388,106
qm,35,4388,97
qm,35,4388,173
qm,35,4388,196
qm,35,4388,27
qm,35,4388,154
qm,35,5410,273
qm,35,5410,107
qm,35,5410,25
qm,35,5410,147
qm,35,5410,27
qm,35,5410,227
qm,35,5410,99
qm,35,5410,227
qm,35,5410,195
qm,35,5410,219
qm,36,5472,134
qm,36,5472,238
qm,36,5472,277
qm,36,5472,39
qm,36,5472,183
qm,36,5472,253
qm,36,5472,40
qm,36,5472,282
qm,36,5472,232
qm,36,5472,109
qm,36,5557,278
qm,36,5557,187
qm,36,5557,94
qm,36,5557,256
qm,36,5557,71
qm,36,5842,143
qm,36,5842,37
qm,36,5842,164
qm,36,5842,185
qm,36,59,105
qm,36,59,195
qm,36,59,220
qm,36,59,172
qm,36,59,56
qm,36,59,53
qm,36,59,152
qm,36,59,28
qm,36,6300,179
qm,36,6300,0
qm,37,6317,12
qm,37,6317,110
qm,37,6317,207
qm,37,6317,182
qm,37,6317,62
qm,37,6317,165
qm,37,6317,39
qm,37,6317,187
qm,37,6317,20
qm,37,6317,67
qm,37,6743,238
qm,37,6743,186
qm,37,6743,161
qm,37,6743,159
qm,37,6743,20
qm,37,694,52
qm,37,694,27
qm,37,694,268
qm,37,694,101
qm,37,694,246
qm,37,694,128
qm,37,694,58
qm,37,694,149
qm,37,744,241
qm,37,744,145
qm,37,744,247
qm,37,744,4
qm,37,744,29
qm,37,744,0
qm,37,744,271
qm,37,7652,103
qm,37,7652,8
qm,37,7652,273
qm,37,7652,54
qm,37,7652,275
qm,37,7652,225
qm,37,7652,244
qm,37,7652,153
qm,37,7652,96
qm,38,7833,187
qm,38,7833,285
qm,38,7833,183
qm,38,7833,262
qm,38,7833,12
qm,38,7833,162
qm,38,7833,62
qm,38,7833,165
qm,38,806,228
qm,38,806,17
qm,38,8752,238
qm,38,8752,111
qm,38,8752,279
qm,38,8775,30
qm,38,8775,99
qm,38,8775,25
qm,38,8775,270
qm,38,8817,149
qm,38,8817,73
qm,38,8817,153
qm,38,8817,243
qm,38,8817,0
qm,38,8817,222
qm,38,8817,148
qm,38,8861,101
qm,38,8861,2
qm,38,8861,25
qm,38,8861,131
qm,39,9040,162
qm,39,9040,167
qm,39,9040,214
qm,39,9040,13
qm,39,9040,15
qm,39,9040,40
qm,39,9402,42
qm,39,9402,108
qm,39,9404,208
qm,39,9404,239
qm,39,9404,133
qm,39,9404,158
qm,39,9404,118
qm,39,9404,237
qm,39,9404,214
qm,39,9693,244
qm,39,9693,270
qm,39,9693,99
qm,39,9693,34
qm,39,9693,227
qm,39,9725,275
qm,39,9725,153
qm,39,9725,203
qm,39,9725,273
qm,39,9725,199
qm,39,9725,32
qm,39,9725,8
qm,39,9725,242
qm,39,9779,201
qm,39,9779,96
qm,39,9779,54
qm,39,9779,149
qm,39,9779,4
qm,39,9779,79
qm,39,9779,49
qm,40,108,69
qm,40,108,188
qm,40,108,12
qm,40,108,258
qm,40,108,85
qm,40,108,252
qm,40,108,44
qm,40,108,210
qm,40,1744,39
qm,40,1744,116
qm,40,1744,110
qm,40,1744,95
qm,40,1744,108
qm,40,1744,157
qm,40,1744,185
qm,40,179,56
qm,40,180,31
qm,40,2152,251
qm,40,2152,75
qm,40,2152,168
qm,40,2152,80
qm,41,2383,166
qm,41,2383,90
qm,41,2383,86
qm,41,2383,20
qm,41,2383,279
qm,41,2383,205
qm,41,2383,215
qm,41,2383,210
qm,41,3173,38
qm,41,3173,211
qm,41,3173,87
qm,41,3173,65
qm,41,3173,132
qm,41,3390,156
qm,41,3390,108
qm,41,3390,89
qm,41,3390,42
qm,41,3390,277
qm,41,3390,15
qm,41,3390,91
qm,41,3390,279
qm,41,3390,182
qm,41,348,271
qm,41,348,197
qm,41,348,268
qm,41,348,272
qm,41,348,131
qm,41,348,147
qm,41,348,200
qm,41,348,220
qm,41,348,269
qm,41,348,173
qm,41,3627,146
qm,41,3627,5
qm,41,3627,246
qm,41,3627,267
qm,41,3627,78
qm,41,3627,48
qm,41,3627,77
qm,41,3627,271
qm,41,3627,271
qm,42,4206,140
qm,42,4206,237
qm,42,4206,37
qm,42,4388,187
qm,42,4388,167
qm,42,4388,111
qm,42,4388,21
qm,42,4388,45
qm,42,4388,95
qm,42,5410,114
qm,42,5410,108
qm,42,5410,90
qm,42,5410,44
qm,42,5410,70
qm,42,5410,140
qm,42,5410,88
qm,42,5410,91
qm,42,5410,280
qm,42,5472,199
qm,42,5472,106
qm,42,5472,195
qm,42,5472,151
qm,42,5472,125
qm,42,5472,198
qm,42,5557,130
qm,42,5557,192
qm,42,5557,242
qm,42,5557,248
qm,42,5557,196
qm,42,5557,246
qm,42,5557,26
qm,42,5557,79
qm,42,5557,106
qm,42,5842,49
qm,42,5842,6
qm,42,5842,242
qm,42,5842,49
qm,42,5842,78
qm,42,5842,82
qm,42,5842,83
qm,42,5842,4
qm,42,5842,179
qm,43,5872,164
qm,43,59,287
qm,43,59,63
qm,43,59,41
qm,43,59,230
qm,43,6300,64
qm,43,6300,19
qm,43,6300,62
qm,43,6317,200
qm,43,6317,178
qm,43,6317,144
qm,43,6686,195
qm,43,6686,106
qm,43,6686,74
qm,43,6686,200
qm,43,6686,4
qm,43,6686,102
qm,43,6686,80
qm,43,6743,3
qm,43,6743,144
qm,43,6743,11
qm,43,6743,0
qm,43,6743,104
qm,43,6743,32
qm,43,6743,54
qm,44,694,180
qm,44,694,260
qm,44,694,41
qm,44,694,13
qm,44,694,263
qm,44,694,115
qm,44,744,167
qm,44,744,208
qm,44,744,188
qm,44,744,280
qm,44,744,186
qm,44,744,236
qm,44,744,167
qm,44,744,37
qm,44,744,116
qm,44,744,212
qm,44,7652,238
qm,44,7652,188
qm,44,7652,22
qm,44,7652,286
qm,44,7652,44
qm,44,7652,280
qm,44,7652,204
qm,44,7652,279
qm,44,7833,193
qm,44,7833,122
qm,44,8752,131
qm,44,8752,30
qm,44,8752,168
qm,44,8752,79
qm,44,8752,221
qm,44,8752,97
qm,44,8752,74
qm,44,8752,53
qm,44,8752,10
qm,44,8752,243
qm,45,8775,137
qm,45,8775,184
qm,45,8775,164
qm,45,8775,114
qm,45,8817,284
qm,45,8817,231
qm,45,8817,281
qm,45,8817,69
qm,45,8817,215
qm,45,8817,141
qm,45,8817,166
qm,45,8817,108
qm,45,8817,285
qm,45,8861,43
qm,45,8861,20
qm,45,8861,109
qm,45,8861,87
qm,45,8861,90
qm,45,8861,47
qm,45,9040,7
qm,45,9040,201
qm,45,9040,33
qm,45,9040,75
qm,45,9040,72
qm,45,9402,199
qm,45,9402,100
qm,45,9402,99
qm,45,9402,194
qm,45,9402,154
qm,45,9404,27
qm,45,9404,32
qm,45,9404,32
qm,45,9404,79
qm,45,9404,155
qm,46,9693,165
qm,46,9725,253
qm,46,9725,235
qm,46,9725,281
qm,46,9725,137
qm,46,9779,284
qm,46,9779,182
qm,46,9779,64
qm,46,9779,23
qm,46,9779,86
qm,46,9779,119
qm,46,9779,43
qm,46,9779,160
qm,46,108,124
qm,46,108,240
qm,46,1523,103
qm,46,1523,146
qm,46,1523,73
qm,46,1523,9
qm,46,1523,96
qm,46,1523,194
qm,46,1744,155
qm,46,1744,72
qm,46,1744,8
qm,46,1744,152
qm,46,1744,0
qm,46,1744,201
qm,47,179,256
qm,47,180,84
qm,47,180,23
qm,47,180,228
qm,47,2152,253
qm,47,2152,163
qm,47,2152,47
qm,47,2152,71
qm,47,2152,285
qm,47,2152,183
qm,47,2152,117
qm,47,2152,180
qm,47,2383,246
qm,47,3173,11
qm,47,3173,219
qm,47,3173,124
qm,47,3173,73
qm,47,3173,4
qm,47,3173,150
qm,47,3173,127
qm,47,3173,0
qm,47,3173,200
qm,47,3173,246
qm,48,3627,108
qm,48,3627,110
qm,48,3627,260
qm,48,3627,261
qm,48,3627,255
qm,48,3627,166
qm,48,3932,285
qm,48,3932,69
qm,48,3932,253
qm,48,4206,5
qm,48,4206,8
qm,48,4206,169
qm,48,4206,50
qm,48,4206,176
qm,48,4206,222
qm,48,4388,244
qm,48,4388,272
qm,48,4388,266
qm,48,4388,125
qm,48,4388,53
qm,48,4388,57
qm,48,4388,35
qm,48,4388,246
qm,48,4388,104
qm,48,5410,121
qm,48,5410,105
qm,48,5410,100
qm,49,5472,232
qm,49,5472,45
qm,49,5472,86
qm,49,5472,36
qm,49,5557,208
qm,49,5557,14
qm,49,5842,209
qm,49,5842,253
qm,49,5842,156
qm,49,5842,117
qm,49,5842,259
qm,49,5872,175
qm,49,5872,52
qm,49,5872,250
qm,49,5872,226
qm,49,5872,48
qm,49,5872,57
qm,49,59,175
qm,49,59,56
qm,49,59,275
qm,49,59,129
qm,49,59,32
qm,49,59,76
qm,49,59,178
qm,49,59,198
qm,49,6300,247
qm,49,6300,148
qm,49,6300,216
qm,49,6300,241
qm,50,6317,14
qm,50,6317,37
qm,50,6317,17
qm,50,6317,262
qm,50,6686,136
qm,50,6686,20
qm,50,6686,111
qm,50,6686,276
qm,50,6686,238
qm,50,6686,138
qm,50,6743,261
qm,50,6743,137
qm,50,6743,208
qm,50,6743,89
qm,50,6743,71
qm,50,6743,261
qm,50,6743,188
qm,50,6743,47
qm,50,6743,260
qm,50,744,5
qm,50,744,83
qm,50,744,198
qm,50,744,99
qm,50,744,199
qm,50,744,121
qm,50,744,246
qm,50,744,2
qm,50,744,83
qm,50,744,245
qm,50,7652,1
qm,50,7652,242
qm,50,7652,125
qm,50,7652,104
qm,50,7652,35
qm,50,7652,79
qm,51,7833,160
qm,51,7833,140
qm,51,7833,116
qm,51,7833,287
qm,51,806,239
qm,51,806,285
qm,51,806,284
qm,51,806,36
qm,51,8752,162
qm,51,8752,42
qm,51,8752,112
qm,51,8752,16
qm,51,8752,280
qm,51,8752,134
qm,51,8752,111
qm,51,8752,183
qm,51,8775,155
qm,51,8775,151
qm,51,8861,11
qm,51,8861,227
qm,51,8861,103
qm,51,8861,216
qm,51,8861,198
qm,51,8861,131
qm,51,8861,203
qm,52,9040,116
qm,52,9040,190
qm,52,9402,86
qm,52,9402,235
qm,52,9404,15
qm,52,9404,281
qm,52,9404,111
qm,52,9693,123
qm,52,9693,74
qm,52,9693,150
qm,52,9725,226
qm,52,9725,274
qm,52,9725,148
qm,52,9725,219
qm,52,9725,216
qm,52,9725,221
qm,52,9725,227
qm,52,9725,6
qm,52,9779,199
qm,52,9779,121
qm,52,9779,198
qm,52,9779,198
qm,52,9779,192
qm,52,9779,177
qm,52,9779,105
qm,52,9779,129
qm,52,9779,194
qm,53,1523,167
qm,53,1523,37
qm,53,1523,94
qm,53,1523,232
qm,53,1523,187
qm,53,1744,253
qm,53,1744,60
qm,53,1744,254
qm,53,179,227
qm,53,179,200
qm,53,179,242
qm,53,179,54
qm,53,179,217
qm,53,179,35
qm,53,179,96
qm,53,180,145
qm,53,180,74
qm,53,180,244
qm,53,2152,226
qm,53,2152,77
qm,53,2152,96
qm,53,2152,30
qm,53,2152,24
qm,53,2152,178
qm,54,2383,18
qm,54,2383,134
qm,54,2383,134
qm,54,2383,213
qm,54,2383,118
qm,54,2383,66
qm,54,2383,15
qm,54,2383,278
qm,54,3173,17
qm,54,3173,94
qm,54,3173,281
qm,54,3173,84
qm,54,3173,63
qm,54,3173,277
qm,54,3173,285
qm,54,3173,14
qm,54,3173,283
qm,54,3173,228
qm,54,3390,237
qm,54,3390,229
qm,54,348,26
qm,54,3627,55
qm,54,3627,153
qm,54,3627,201
qm,54,3627,123
qm,55,4206,208
qm,55,4206,181
qm,55,4206,180
qm,55,4206,162
qm,55,4206,235
qm,55,4206,61
qm,55,5410,39
qm,55,5410,252
qm,55,5557,35
qm,55,5557,194
qm,55,5557,275
qm,55,5557,48
qm,55,5842,54
qm,55,5842,73
qm,55,5842,150
qm,55,5842,221
qm,55,5842,265
qm,55,5842,76
qm,56,5872,64
qm,56,5872,238
qm,56,5872,263
qm,56,5872,43
qm,56,5872,71
qm,56,5872,167
qm,56,5872,22
qm,56,5872,23
qm,56,5872,108
qm,56,59,206
qm,56,6300,61
qm,56,6300,45
qm,56,6300,85
qm,56,6300,185
qm,56,6300,156
qm,56,6300,162
qm,56,6300,208
qm,56,6300,209
qm,56,6317,50
qm,56,6317,173
qm,56,6686,273
qm,56,6743,59
qm,56,6743,10
qm,56,6743,222
qm,57,694,184
qm,57,7652,94
qm,57,7652,186
qm,57,7652,167
qm,57,7652,238
qm,57,806,100
qm,57,8752,271
qm,57,8752,250
qm,57,8752,144
qm,57,8752,26
qm,57,8752,0
qm,57,8752,268
qm,58,8775,22
qm,58,8775,159
qm,58,8775,45
qm,58,8775,70
qm,58,8775,90
qm,58,8775,12
qm,58,8775,185
qm,58,8775,261
qm,58,8775,229
qm,58,8817,44
qm,58,8817,95
qm,58,8817,287
qm,58,8817,141
qm,58,8817,95
qm,58,8817,285
qm,58,9040,107
qm,58,9040,106
qm,58,9040,50
qm,58,9040,124
qm,58,9040,126
qm,58,9404,123
qm,58,9404,200
qm,58,9404,220
qm,58,9404,227
qm,58,9404,149
qm,58,9404,170
qm,59,9693,134
qm,59,9693,256
qm,59,9693,15
qm,59,9693,66
qm,59,9693,114
qm,59,9693,138
qm,59,9693,276
qm,59,9693,136
qm,59,9725,285
qm,59,9725,185
qm,59,9725,135
qm,59,9779,41
qm,59,9779,17
qm,59,9779,279
qm,59,9779,252
qm,59,9779,115
qm,59,9779,62
qm,59,9779,69
qm,59,108,221
qm,59,108,202
qm,59,108,172
qm,59,108,226
qm,59,108,74
qm,59,1744,122
qm,59,1744,151
qm,59,1744,78
qm,59,1744,217
qm,59,1744,55
qm,59,1744,151
qm,60,179,137
qm,60,179,212
qm,60,179,109
qm,60,179,44
qm,60,179,259
qm,60,179,142
qm,60,179,208
qm,60,179,257
qm,60,179,235
qm,60,180,187
qm,60,180,91
qm,60,180,262
qm,60,180,115
qm,60,180,254
qm,60,2152,89
qm,60,2383,79
qm,60,3173,72
qm,60,3390,272
qm,60,3390,275
qm,60,3390,265
qm,60,3390,0
qm,61,348,287
qm,61,348,211
qm,61,348,61
qm,61,348,37
qm,61,348,181
qm,61,348,109
qm,61,348,142
qm,61,348,45
qm,61,3627,93
qm,61,3932,207
qm,61,3932,276
qm,61,3932,60
qm,61,3932,190
qm,61,3932,17
qm,61,3932,208
qm,61,4206,3
qm,61,4206,247
qm,61,4388,9
qm,61,4388,3
qm,61,4388,225
qm,61,4388,192
qm,61,4388,72
qm,61,4388,81
qm,61,4388,251
qm,61,4388,81
qm,61,5410,98
qm,61,5410,0
qm,61,5410,192
qm,61,5410,221
qm,61,5410,49
qm,61,5410,271
qm,62,5472,257
qm,62,5472,62
qm,62,5472,262
qm,62,5557,165
qm,62,5842,237
qm,62,5842,87
qm,62,5842,88
qm,62,5872,77
qm,62,5872,149
qm,62,5872,146
qm,62,5872,131
qm,62,5872,178
qm,62,5872,248
qm,62,5872,244
qm,62,5872,3
qm,62,5872,80
qm,62,5872,169
qm,62,59,128
qm,62,59,1
qm,62,59,0
qm,62,59,242
qm,62,59,72
qm,63,6317,165
qm,63,6317,185
qm,63,6317,185
qm,63,6317,23
qm,63,6317,110
qm,63,6317,232
qm,63,6317,281
qm,63,6686,190
qm,63,6686,159
qm,63,6686,189
qm,63,6686,85
qm,63,6686,88
qm,63,6686,91
qm,63,6686,132
qm,63,6686,228
qm,63,6686,46
qm,63,6743,113
qm,63,6743,93
qm,63,6743,186
qm,63,694,25
qm,63,694,203
qm,63,694,55
qm,63,694,75
qm,63,694,242
qm,63,694,26
qm,63,694,275
qm,63,694,33
qm,63,744,3
qm,63,744,274
qm,63,744,144
qm,63,744,217
qm,63,744,243
qm,63,744,129
qm,63,744,59
qm,63,7652,155
qm,63,7652,200
qm,64,7833,14
qm,64,806,39
qm,64,806,205
qm,64,806,260
qm,64,806,117
qm,64,806,277
qm,64,806,262
qm,64,8752,117
qm,64,8752,137
qm,64,8752,189
qm,64,8775,272
qm,64,8775,198
qm,64,8775,103
qm,64,8775,203
qm,64,8775,269
qm,64,8775,122
qm,64,8775,202
qm,64,8775,123
qm,64,8817,78
qm,64,8817,222
qm,64,8817,122
qm,64,8817,81
qm,64,8817,5
qm,64,8861,144
qm,64,8861,266
qm,64,8861,270
qm,64,8861,120
qm,64,8861,172
qm,64,8861,245
qm,64,8861,173
qm,64,8861,176
qm,65,9402,12
qm,65,9402,115
qm,65,9404,90
qm,65,9404,45
qm,65,9404,21
qm,65,9404,285
qm,65,9404,15
qm,65,9404,18
qm,65,9404,235
qm,65,9693,106
qm,65,9693,80
qm,65,9693,179
qm,65,9693,123
qm,65,9725,103
qm,65,9779,177
qm,65,9779,54
qm,65,9779,28
qm,65,9779,77
qm,65,9779,269
qm,65,9779,48
qm,66,108,254
qm,66,108,84
qm,66,108,16
qm,66,108,189
qm,66,1744,140
qm,66,179,194
qm,66,179,96
qm,66,179,53
qm,66,179,202
qm,66,179,173
qm,66,179,123
qm,66,179,8
qm,66,179,221
qm,66,179,130
qm,66,2152,31
qm,66,2152,145
qm,66,2152,31
qm,66,2152,123
qm,66,2152,56
qm,66,2152,145
qm,67,3173,21
qm,67,3173,61
qm,67,3173,140
qm,67,3173,186
qm,67,3173,13
qm,67,3173,189
qm,67,3173,41
qm,67,3173,282
qm,67,3173,230
qm,67,3173,17
qm,67,3390,136
qm,67,3390,92
qm,67,3390,63
qm,67,3390,133
qm,67,3390,284
qm,67,348,274
qm,67,348,170
qm,67,348,244
qm,67,348,53
qm,67,348,122
qm,67,348,6
qm,67,348,26
qm,67,348,152
qm,67,348,8
qm,67,3627,199
qm,67,3932,202
qm,67,3932,267
qm,67,3932,52
qm,67,3932,192
qm,67,3932,1
qm,67,3932,178
qm,67,3932,29
qm,67,3932,59
qm,68,4206,40
qm,68,4206,20
qm,68,4206,134
qm,68,4206,236
qm,68,4206,117
qm,68,4388,94
qm,68,4388,156
qm,68,5410,215
qm,68,5410,186
qm,68,5410,167
qm,68,5410,287
qm,68,5410,280
qm,68,5472,55
qm,68,5472,169
qm,68,5842,96
qm,68,5842,199
qm,69,5872,14
qm,69,5872,61
qm,69,5872,190
qm,69,5872,207
qm,69,59,191
qm,69,59,95
qm,69,59,212
qm,69,59,211
qm,69,59,231
qm,69,59,204
qm,69,59,134
qm,69,59,182
qm,69,6300,280
qm,69,6300,37
qm,69,6300,16
qm,69,6300,23
qm,69,6300,212
qm,69,6300,47
qm,69,6300,161
qm,69,6300,22
qm,69,6300,138
qm,69,6317,73
qm,69,6317,223
qm,69,6317,126
qm,69,6317,29
qm,69,6317,121
qm,69,6317,79
qm,69,6317,99
qm,69,6317,265
qm,69,6686,251
qm,69,6686,271
qm,69,6686,177
qm,69,6686,80
qm,69,6743,10
qm,69,6743,248
qm,69,6743,195
qm,69,6743,10
qm,69,6743,243
qm,69,6743,28
qm,70,694,287
qm,70,744,189
qm,70,744,94
qm,70,744,164
qm,70,744,44
qm,70,744,209
qm,70,7652,159
qm,70,7652,231
qm,70,7652,234
qm,70,7833,106
qm,70,7833,194
qm,70,7833,102
qm,70,7833,76
qm,70,806,218
qm,70,806,121
qm,70,806,106
qm,70,806,48
qm,70,806,97
qm,70,806,155
qm,70,806,242
qm,70,8752,126
qm,70,8752,220
qm,70,8752,8
qm,70,8752,25
qm,70,8752,240
qm,70,8752,35
qm,71,8775,92
qm,71,8775,87
qm,71,8817,85
qm,71,8817,88
qm,71,8817,210
qm,71,8817,280
qm,71,8817,113
qm,71,8817,206
qm,71,8817,215
qm,71,8817,109
qm,71,8861,109
qm,71,9040,107
qm,71,9040,216
qm,71,9040,72
qm,71,9040,28
qm,71,9040,219
qm,71,9040,80
qm,71,9040,73
qm,71,9040,248
qm,71,9040,121
qm,71,9040,151
qm,71,9402,219
qm,71,9402,172
qm,71,9404,76
qm,71,9404,169
qm,71,9404,96
qm,71,9404,273
qm,71,9404,147
qm,71,9404,3
qm,71,9404,247
qm,71,9404,6
qm,72,9693,71
qm,72,9693,67
qm,72,9693,282
qm,72,9693,42
qm,72,9693,85
qm,72,9693,134
qm,72,9693,108
qm,72,9693,89
qm,72,9693,40
qm,72,9693,113
qm,72,9725,13
qm,72,9725,37
qm,72,9725,47
qm,72,9779,285
qm,72,9779,282
qm,72,9779,42
qm,72,9779,22
qm,72,9779,160
qm,72,9779,207
qm,72,9779,253
qm,72,9779,84
qm,72,9779,253
qm,72,108,269
qm,72,108,49
qm,72,108,269
qm,72,108,177
qm,72,108,193
qm,72,108,77
qm,72,108,151
qm,72,108,101
qm,72,108,175
qm,72,1744,248
qm,72,1744,251
qm,72,1744,124
qm,73,179,20
qm,73,179,184
qm,73,180,286
qm,73,180,185
qm,73,180,228
qm,73,180,65
qm,73,180,139
qm,73,2152,43
qm,73,2152,88
qm,73,2152,206
qm,73,2152,214
qm,73,2152,182
qm,73,2383,246
qm,73,2383,246
qm,73,2383,265
qm,73,2383,170
qm,73,2383,49
qm,73,2383,145
qm,73,2383,56
qm,73,3173,79
qm,73,3173,270
qm,73,3173,203
qm,73,3173,219
qm,73,3173,2
qm,73,3390,248
qm,73,3390,26
qm,73,3390,173
qm,73,3390,192
qm,73,3390,271
qm,73,3390,241
qm,73,3390,249
qm,73,3390,249
qm,73,3390,53
qm,74,348,87
qm,74,348,88
qm,74,348,184
qm,74,3932,113
qm,74,3932,158
qm,74,3932,12
qm,74,3932,142
qm,74,3932,143
qm,74,4206,58
qm,74,4206,243
qm,74,4206,24
qm,74,4206,153
qm,74,4206,98
qm,74,4206,77
qm,74,4206,82
qm,74,4206,128
qm,74,4206,52
qm,74,4388,266
qm,74,4388,8
qm,74,4388,192
qm,74,4388,174
qm,74,4388,242
qm,74,5410,30
qm,74,5410,273
qm,74,5410,170
qm,74,5410,266
qm,74,5410,218
qm,74,5410,222
qm,74,5410,34
qm,74,5410,125
qm,75,5472,66
qm,75,5472,159
qm,75,5472,23
qm,75,5472,84
qm,75,5472,86
qm,75,5472,143
qm,75,5472,239
qm,75,5557,184
qm,75,5557,60
qm,75,5557,138
qm,75,5557,287
qm,75,5842,257
qm,75,5842,167
qm,75,5842,20
qm,75,5842,156
qm,75,5842,46
qm,75,5842,19
qm,75,5842,88
qm,75,5842,183
qm,75,5842,13
qm,75,5872,196
qm,75,59,96
qm,75,59,123
qm,75,59,10
qm,75,6300,172
qm,75,6300,55
qm,75,6300,106
qm,75,6300,25
qm,75,6300,11
qm,75,6300,146
qm,75,6300,147
qm,75,6300,241
qm,75,6300,248
qm,76,6317,259
qm,76,6317,95
qm,76,6317,232
qm,76,6743,161
qm,76,6743,133
qm,76,694,106
qm,76,694,251
qm,76,694,246
qm,76,694,145
qm,76,694,3
qm,76,694,128
qm,76,694,1
qm,76,694,149
qm,76,744,145
qm,76,744,34
qm,76,744,129
qm,76,7652,129
qm,76,7652,48
qm,76,7652,54
qm,77,7833,166
qm,77,7833,236
qm,77,7833,16
qm,77,7833,285
qm,77,7833,86
qm,77,7833,67
qm,77,7833,87
qm,77,7833,161
qm,77,806,262
qm,77,8752,93
qm,77,8752,71
qm,77,8752,256
qm,77,8775,76
qm,77,8775,6
qm,77,8775,129
qm,77,8775,270
qm,77,8817,10
qm,77,8817,7
qm,77,8817,8
qm,77,8817,54
qm,77,8861,25
qm,77,8861,125
qm,77,8861,100
qm,77,8861,35
qm,77,8861,241
qm,77,8861,222
qm,77,8861,152
qm,77,8861,264
qm,77,8861,33
qm,78,9040,47
qm,78,9040,43
qm,78,9040,277
qm,78,9040,66
qm,78,9040,262
qm,78,9402,43
qm,78,9402,116
qm,78,9402,232
qm,78,9402,90
qm,78,9402,136
qm,78,9402,162
qm,78,9404,91
qm,78,9404,65
qm,78,9693,76
qm,78,9693,125
qm,78,9693,30
qm,78,9693,51
qm,78,9693,25
qm,78,9725,273
qm,78,9779,264
qm,78,9779,250
qm,78,9779,152
qm,78,9779,126
qm,78,9779,27
qm,78,9779,0
qm,78,9779,106
qm,78,9779,55
qm,78,9779,33
qm,79,1523,228
qm,79,1523,214
qm,79,1523,207
qm,79,1523,165
qm,79,1744,118
qm,79,1744,186
qm,79,1744,139
qm,79,1744,16
qm,79,1744,118
qm,79,179,220
qm,79,180,266
qm,79,180,49
qm,79,180,270
qm,79,180,266
qm,79,180,58
qm,79,180,168
qm,79,180,269
qm,79,180,198
qm,79,2152,52
qm,79,2152,32
qm,79,2152,7
qm,79,2152,173
qm,79,2152,149
qm,79,2152,97
qm,79,2152,222
qm,79,2152,177
qm,80,2383,262
qm,80,2383,280
qm,80,2383,183
qm,80,2383,164
qm,80,2383,64
qm,80,3390,204
qm,80,348,31
qm,80,348,48
qm,80,348,274
qm,80,348,154
qm,80,348,28
qm,80,3627,125
qm,80,3627,203
qm,80,3627,225
qm,80,3627,7
qm,80,3627,1
qm,80,3627,175
qm,80,3627,54
qm,80,3932,145
qm,81,4206,60
qm,81,4206,188
qm,81,4206,43
qm,81,4206,87
qm,81,4206,253
qm,81,4206,253
qm,81,4206,64
qm,81,4206,43
qm,81,4388,259
qm,81,4388,64
qm,81,5410,66
qm,81,5410,93
qm,81,5472,218
qm,81,5472,31
qm,81,5472,270
qm,81,5472,244
qm,81,5472,30
qm,81,5472,268
qm,81,5472,101
qm,81,5472,120
qm,81,5472,223
qm,81,5472,170
qm,81,5557,221
qm,81,5842,144
qm,82,5872,252
qm,82,5872,253
qm,82,5872,286
qm,82,5872,256
qm,82,59,233
qm,82,59,261
qm,82,59,42
qm,82,6300,118
qm,82,6300,66
qm,82,6300,23
qm,82,6300,163
qm,82,6300,140
qm,82,6300,281
qm,82,6300,112
qm,82,6686,152
qm,82,6686,149
qm,82,6686,75
qm,82,6686,52
qm,82,6743,3
qm,82,6743,242
qm,82,6743,123
qm,82,6743,25
qm,82,6743,50
qm,82,6743,98
qm,82,6743,124
qm,82,6743,27
qm,83,694,108
qm,83,694,187
qm,83,694,277
qm,83,744,41
qm,83,744,163
qm,83,744,180
qm,83,744,261
qm,83,744,256
qm,83,744,261
qm,83,744,191
qm,83,744,60
qm,83,7652,239
qm,83,7652,287
qm,83,7652,253
qm,83,7652,158
qm,83,7833,1
qm,83,7833,218
qm,83,7833,248
qm,83,7833,4
qm,83,7833,57
qm,83,7833,100
qm,83,7833,34
qm,83,806,148
qm,83,806,251
qm,83,806,53
qm,83,806,28
qm,83,806,250
qm,83,8752,80
qm,83,8752,242
qm,83,8752,201
qm,83,8752,6
qm,83,8752,72
qm,83,8752,11
qm,84,8775,253
qm,84,8775,181
qm,84,8775,65
qm,84,8817,235
qm,84,8817,235
qm,84,8861,163
qm,84,8861,71
qm,84,8861,254
qm,84,8861,91
qm,84,8861,132
qm,84,8861,141
qm,84,8861,180
qm,84,8861,190
qm,84,8861,276
qm,84,9040,267
qm,84,9040,11
qm,84,9402,149
qm,84,9404,197
qm,84,9404,76
qm,84,9404,24
qm,84,9404,275
qm,84,9404,29
qm,84,9404,128
qm,85,9693,18
qm,85,9693,20
qm,85,9693,167
qm,85,9693,231
qm,85,9693,113
qm,85,9693,261
qm,85,9693,213
qm,85,9693,37
qm,85,9693,116
qm,85,9693,43
qm,85,9725,44
qm,85,9725,135
qm,85,9725,133
qm,85,9725,180
qm,85,9725,66
qm,85,9725,45
qm,85,9779,119
qm,85,9779,279
qm,85,9779,283
qm,85,9779,133
qm,85,9779,114
qm,85,9779,191
qm,85,9779,115
qm,85,9779,119
qm,85,9779,181
qm,85,9779,237
qm,85,108,199
qm,85,108,168
qm,85,108,240
qm,85,108,35
qm,85,108,73
qm,85,108,50
qm,85,108,154
qm,85,108,151
qm,85,108,149
qm,85,1523,78
qm,85,1523,271
qm,85,1523,240
qm,85,1523,73
qm,85,1523,101
qm,85,1523,127
qm,85,1523,170
qm,85,1523,28
qm,85,1523,249
qm,85,1744,264
qm,85,1744,198
qm,85,1744,175
qm,85,1744,272
qm,86,179,42
qm,86,179,92
qm,86,179,232
qm,86,179,46
qm,86,179,235
qm,86,179,231
qm,86,179,285
qm,86,179,181
qm,86,179,132
qm,86,179,66
qm,86,180,279
qm,86,180,85
qm,86,180,36
qm,86,180,63
qm,86,180,135
qm,86,180,44
qm,86,2152,70
qm,86,2152,46
qm,86,2152,214
qm,86,2152,133
qm,86,2152,213
qm,86,2152,205
qm,86,2152,238
qm,86,2152,137
qm,86,2152,260
qm,86,2383,221
qm,86,2383,122
qm,86,2383,249
qm,86,2383,25
qm,86,2383,124
qm,86,2383,35
qm,86,2383,240
qm,86,2383,176
qm,86,2383,77
qm,86,2383,58
qm,86,3173,6
qm,86,3173,195
qm,86,3173,6
qm,86,3173,57
qm,86,3173,102
qm,86,3173,199
qm,86,3173,222
qm,86,3390,59
qm,86,3390,178
qm,86,3390,121
qm,86,3390,48
qm,86,3390,124
qm,86,3390,1
qm,86,3390,269
qm,86,3390,152
qm,86,3390,96
qm,86,3390,101
qm,87,348,236
qm,87,348,191
qm,87,348,138
qm,87,348,136
qm,87,3627,20
qm,87,3627,41
qm,87,3627,60
qm,87,3627,84
qm,87,3627,255
qm,87,3627,232
qm,87,3627,215
qm,87,3627,189
qm,87,3932,228
qm,87,3932,36
qm,87,3932,69
qm,87,3932,255
qm,87,3932,161
qm,87,3932,136
qm,87,4206,54
qm,87,4206,72
qm,87,4206,123
qm,87,4206,107
qm,87,4206,0
qm,87,4206,271
qm,87,4388,155
qm,87,4388,199
qm,87,4388,195
qm,87,4388,9
qm,87,4388,1
qm,87,5410,128
qm,87,5410,196
qm,88,5472,113
qm,88,5472,16
qm,88,5472,161
qm,88,5557,188
qm,88,5557,262
qm,88,5557,261
qm,88,5557,39
qm,88,5557,205
qm,88,5557,185
qm,88,5842,286
qm,88,5842,206
qm,88,5842,159
qm,88,5842,233
qm,88,5842,166
qm,88,5842,189
qm,88,5872,72
qm,88,5872,78
qm,88,5872,29
qm,88,5872,105
qm,88,5872,127
qm,88,5872,248
qm,88,5872,123
qm,88,59,203
qm,88,59,227
qm,88,59,30
qm,88,59,246
qm,88,59,79
qm,88,59,54
qm,88,59,125
qm,88,59,129
qm,88,6300,272
qm,88,6300,103
qm,88,6300,4
qm,88,6300,219
qm,88,6300,96
qm,88,6300,123
qm,89,6317,281
qm,89,6317,181
qm,89,6743,60
qm,89,694,98
qm,89,694,269
qm,89,744,240
qm,89,7652,270
qm,89,7652,152
qm,90,7833,21
qm,90,7833,112
qm,90,806,160
qm,90,806,181
qm,90,806,181
qm,90,8752,23
qm,90,8752,164
qm,90,8752,238
qm,90,8752,36
qm,90,8752,276
qm,90,8752,252
qm,90,8775,200
qm,90,8775,102
qm,90,8775,219
qm,90,8775,219
qm,90,8775,1
qm,90,8775,274
qm,90,8775,152
qm,90,8775,175
qm,90,8775,225
qm,90,8817,126
qm,90,8817,123
qm,90,8817,81
qm,90,8861,243
qm,90,8861,99
qm,90,8861,48
qm,90,8861,2
qm,91,9040,279
qm,91,9040,262
qm,91,9040,119
qm,91,9040,284
qm,91,9040,67
qm,91,9040,109
qm,91,9040,232
qm,91,9402,157
qm,91,9402,44
qm,91,9402,134
qm,91,9402,65
qm,91,9404,238
qm,91,9404,156
qm,91,9404,41
qm,91,9404,87
qm,91,9404,40
qm,91,9404,165
qm,91,9404,180
qm,91,9693,56
qm,91,9693,1
qm,91,9693,11
qm,91,9725,121
qm,91,9725,171
qm,91,9725,198
qm,91,9725,240
qm,91,9725,4
qm,91,9725,32
qm,91,9725,55
qm,91,9725,59
qm,91,9725,219
qm,91,9779,201
qm,91,9779,225
qm,91,9779,240
qm,92,1523,182
qm,92,1523,134
qm,92,1523,230
qm,92,1744,18
qm,92,1744,62
qm,92,179,176
qm,92,180,150
qm,92,180,247
qm,92,180,264
qm,92,180,75
qm,92,180,272
qm,92,180,50
qm,92,180,202
qm,92,180,177
qm,92,180,243
qm,92,2152,172
qm,92,2152,265
qm,92,2152,272
qm,92,2152,173
qm,92,2152,9
qm,92,2152,120
qm,93,2383,47
qm,93,3173,228
qm,93,3390,90
qm,93,3390,191
qm,93,3390,231
qm,93,3390,109
qm,93,3390,230
qm,93,3390,278
qm,93,3390,233
qm,93,348,104
qm,93,348,122
qm,93,3627,30
qm,93,3932,97
qm,93,3932,219
qm,93,3932,49
qm,93,3932,99
qm,93,3932,48
qm,93,3932,192
qm,93,3932,202
qm,93,3932,105
qm,93,3932,52
qm,94,4206,18
qm,94,4206,43
qm,94,4206,137
qm,94,4206,94
qm,94,4206,159
qm,94,4206,213
qm,94,4206,160
qm,94,4206,209
qm,94,4206,184
qm,94,4206,165
qm,94,4388,164
qm,94,4388,187
qm,94,4388,44
qm,94,4388,214
qm,94,4388,20
qm,94,4388,70
qm,94,4388,93
qm,94,5410,163
qm,94,5410,188
qm,94,5410,70
qm,94,5410,208
qm,94,5410,182
qm,94,5410,285
qm,94,5472,10
qm,94,5472,33
qm,94,5557,225
qm,94,5557,265
qm,94,5557,103
qm,94,5557,121
qm,94,5557,59
qm,94,5557,172
qm,94,5557,96
qm,94,5557,82
qm,94,5842,265
qm,94,5842,243
qm,94,5842,221
qm,95,59,136
qm,95,59,37
qm,95,59,213
qm,95,59,284
qm,95,59,13
qm,95,59,210
qm,95,59,229
qm,95,59,238
qm,95,6300,38
qm,95,6300,16
qm,95,6300,229
qm,95,6300,254
qm,95,6300,236
qm,95,6300,38
qm,95,6300,95
qm,95,6317,54
qm,95,6317,55
qm,95,6317,28
qm,95,6317,51
qm,95,6743,128
qm,95,6743,102
qm,95,6743,170
qm,95,6743,2
qm,95,6743,125
qm,95,6743,175
qm,95,6743,222
qm,95,6743,77
qm,96,694,86
qm,96,694,42
qm,96,694,252
qm,96,744,135
qm,96,744,37
qm,96,744,182
qm,96,744,61
qm,96,744,93
qm,96,744,60
qm,96,744,204
qm,96,744,229
qm,96,744,143
qm,96,744,42
qm,96,7652,261
qm,96,7652,112
qm,96,7652,45
qm,96,7652,22
qm,96,7652,257
qm,96,7833,176
qm,96,7833,192
qm,96,7833,202
qm,96,7833,129
qm,96,806,99
qm,96,806,73
qm,96,8752,269
qm,96,8752,271
qm,96,8752,28
qm,96,8752,75
qm,96,8752,194
qm,97,8775,209
qm,97,8775,280
qm,97,8775,186
qm,97,8775,213
qm,97,8775,257
qm,97,8817,110
qm,97,8817,17
qm,97,8817,285
qm,97,8861,239
qm,97,8861,87
qm,97,8861,21
qm,97,8861,256
qm,97,8861,110
qm,97,8861,115
qm,97,8861,40
qm,97,9040,173
qm,97,9040,168
qm,97,9040,124
qm,97,9040,200
qm,97,9402,28
qm,97,9402,264
qm,97,9402,151
qm,97,9402,266
qm,97,9402,2
qm,97,9402,175
qm,97,9402,250
qm,97,9402,56
qm,97,9404,128
qm,97,9404,173
qm,97,9404,247
qm,97,9404,25
qm,98,9693,133
qm,98,9693,263
qm,98,9693,231
qm,98,9693,71
qm,98,9693,139
qm,98,9693,137
qm,98,9693,116
qm,98,9725,139
qm,98,9725,277
qm,98,9725,64
qm,98,9725,17
qm,98,9725,234
qm,98,9725,38
qm,98,9725,278
qm,98,9779,206
qm,98,9779,15
qm,98,9779,276
qm,98,108,104
qm,98,108,10
qm,98,108,83
qm,98,108,97
qm,98,108,145
qm,98,108,54
qm,98,108,30
qm,98,108,25
qm,98,108,3
qm,98,1523,52
qm,98,1523,130
qm,98,1523,146
qm,98,1523,6
qm,98,1523,54
qm,98,1523,148
qm,98,1523,146
qm,98,1523,265
qm,98,1744,124
qm,98,1744,275
qm,99,179,108
qm,99,179,91
qm,99,179,286
qm,99,179,132
qm,99,179,209
qm,99,179,87
qm,99,180,46
qm,99,180,163
qm,99,180,190
qm,99,180,115
qm,99,180,282
qm,99,180,281
qm,99,180,66
qm,99,180,93
qm,99,180,260
qm,99,180,228
qm,99,2152,113
qm,99,2152,254
qm,99,2152,282
qm,99,2152,143
qm,99,2152,283
qm,99,2152,139
qm,99,2152,19
qm,99,2383,176
qm,99,2383,5
qm,99,3173,52
qm,99,3173,51
qm,99,3173,145
qm,99,3390,271
qm,99,3390,120
qm,99,3390,56
qm,99,3390,173
qm,99,3390,9
qm,99,3390,103
qm,99,3390,273
qm,100,348,160
qm,100,348,40
qm,100,348,279
qm,100,348,86
qm,100,348,180
qm,100,348,278
qm,100,348,161
qm,100,348,18
qm,100,3627,115
qm,100,3627,260
qm,100,3627,186
qm,100,3627,134
qm,100,3627,71
qm,100,3627,85
qm,100,3627,204
qm,100,3627,65
qm,100,3932,86
qm,100,3932,162
qm,100,3932,238
qm,100,3932,65
qm,100,3932,163
qm,100,3932,40
qm,100,3932,258
qm,100,3932,71
qm,100,3932,12
qm,100,4206,200
qm,100,4206,0
qm,100,4206,26
qm,100,4206,27
qm,100,4206,101
qm,100,4206,244
qm,100,4388,222
qm,100,4388,4
qm,100,4388,267
qm,100,4388,5
qm,100,4388,196
qm,100,4388,170
qm,100,4388,154
qm,100,4388,100
qm,100,4388,79
qm,100,4388,249
qm,100,5410,275
qm,100,5410,27
qm,100,5410,144
qm,100,5410,218
qm,1,108,284
qm,1,108,44
qm,1,1744,237
qm,1,179,198
qm,2,2383,40
qm,2,2383,180
qm,2,3173,239
qm,2,3627,1
qm,2,3932,29
qm,3,4206,163
qm,3,4206,208
qm,3,5472,217
qm,3,5472,240
qm,3,5557,128
qm,3,5842,11
qm,4,5872,255
qm,4,6300,84
qm,4,6317,96
qm,4,6317,148
qm,4,6743,243
qm,5,7652,95
qm,5,7652,181
qm,5,806,155
qm,5,806,171
qm,5,8752,52
qm,6,8775,67
qm,6,8817,237
qm,6,8861,137
qm,6,9402,48
qm,6,9404,107
qm,6,9404,199
qm,7,9693,282
qm,7,9693,70
qm,7,9725,190
qm,7,9725,65
qm,7,108,1
qm,7,108,73
qm,7,1744,29
qm,8,179,17
qm,8,3173,58
qm,9,3627,160
qm,9,4206,268
qm,9,4206,74
qm,10,5472,43
qm,10,5557,258
qm,10,5842,285
qm,10,5842,230
qm,10,5872,127
qm,10,59,53
qm,10,59,130
qm,10,6300,96
qm,11,6317,167
qm,11,6317,213
qm,11,6743,167
qm,11,694,224
qm,11,694,244
qm,11,744,266
qm,11,744,240
qm,11,7652,52
qm,11,7652,102
qm,12,8775,224
qm,12,8817,79
qm,12,8817,124
qm,13,9402,235
qm,13,9402,119
qm,13,9404,239
qm,13,9404,237
qm,13,9693,8
qm,13,9693,244
qm,13,9725,152
qm,14,1523,117
qm,14,1523,263
qm,14,179,75
qm,14,179,76
qm,14,2152,242
qm,14,2152,73
qm,15,3173,20
qm,15,3173,208
qm,15,3390,84
qm,15,3627,151
qm,15,3932,177
qm,16,4206,204
qm,16,4206,47
qm,16,4388,108
qm,16,5410,43
qm,16,5472,247
qm,16,5472,123
qm,16,5557,55
qm,17,5872,191
qm,17,5872,253
qm,17,59,86
qm,17,59,252
qm,17,6300,41
qm,17,6317,155
qm,17,6686,247
qm,17,6686,79
qm,17,6743,195
qm,18,694,138
qm,18,744,17
qm,18,7652,285
qm,18,7652,257
qm,18,7833,220
qm,19,8775,160
qm,19,8817,136
qm,19,8817,41
qm,19,8861,158
qm,19,8861,286
qm,19,9040,128
qm,19,9040,55
qm,19,9402,49
qm,19,9402,11
qm,19,9404,75
qm,19,9404,267
qm,20,9693,63
qm,20,9693,230
qm,21,2152,260
qm,21,2383,80
qm,21,3173,122
qm,21,3390,250
qm,22,348,186
qm,22,3627,23
qm,22,3932,254
qm,22,3932,157
qm,22,4206,144
qm,22,4388,147
qm,22,5410,176
qm,22,5410,243
qm,23,5472,228
qm,23,5472,252
qm,23,5557,230
qm,23,5842,18
qm,23,59,155
qm,23,59,275
qm,23,6300,82
qm,24,6317,260
qm,24,744,265
qm,24,7652,1
qm,25,806,285
qm,25,8752,180
qm,25,8817,241
qm,25,8817,0
qm,25,8861,27
qm,26,9040,189
qm,26,9402,115
qm,26,9404,282
qm,26,9404,85
qm,26,9779,35
qm,26,9779,124
qm,27,108,167
qm,27,108,111
qm,27,1523,84
qm,27,179,77
qm,27,179,6
qm,27,180,2
qm,28,2383,45
qm,28,3390,46
qm,28,348,264
qm,28,348,31
qm,28,3627,76
qm,28,3932,51
qm,28,3932,249
qm,29,4206,284
qm,29,4388,214
qm,29,5410,284
qm,29,5410,13
qm,29,5472,244
qm,29,5557,249
qm,29,5842,168
qm,29,5842,58
qm,30,5872,158
qm,30,5872,190
qm,30,59,16
qm,30,59,229
qm,30,6300,277
qm,30,6300,143
qm,30,6743,48
qm,30,6743,35
qm,31,744,230
qm,31,744,255
qm,31,806,171
qm,31,806,105
qm,32,8817,255
qm,32,8861,260
qm,32,9404,200
qm,32,9404,32
qm,33,9693,166
qm,33,9693,112
qm,33,9725,44
qm,33,108,268
qm,33,108,120
qm,33,1523,151
qm,34,2152,159
qm,34,2383,120
qm,34,3173,171
qm,34,3390,148
qm,35,3627,86
qm,35,3932,68
qm,35,3932,235
qm,35,4206,33
qm,35,4388,2
qm,35,4388,265
qm,36,5472,66
qm,36,5472,238
qm,36,5557,92
qm,36,5557,232
qm,36,5842,186
qm,36,5842,136
qm,36,5872,76
qm,36,5872,76
qm,37,6317,234
qm,37,6686,183
qm,37,6686,92
qm,37,6743,161
qm,37,694,123
qm,37,694,124
qm,37,7652,173
qm,38,7833,95
qm,38,806,61
qm,38,8752,133
qm,38,8817,178
qm,38,8861,250
qm,39,9402,39
qm,39,9402,213
qm,39,9404,143
qm,39,9693,79
qm,39,9693,170
qm,39,9779,128
qm,40,108,259
qm,40,108,85
qm,40,1744,41
qm,40,1744,70
qm,40,179,250
qm,40,179,197
qm,40,180,243
qm,40,180,266
qm,41,3173,68
qm,41,348,173
qm,41,348,78
qm,41,3627,100
qm,41,3627,125
qm,42,4206,234
qm,42,4206,39
qm,42,4388,181
qm,42,5410,186
qm,42,5410,235
qm,42,5557,146
qm,42,5557,26
qm,42,5842,150
qm,42,5842,251
qm,43,6300,36
qm,43,6686,80
qm,43,6743,250
qm,43,6743,149
qm,44,694,180
qm,44,7833,120
qm,44,806,227
qm,44,8752,96
qm,45,8775,70
qm,45,9040,49
qm,45,9040,144
qm,45,9404,123
qm,46,9693,287
qm,46,9725,283
qm,46,9779,158
qm,46,9779,164
qm,46,108,79
qm,46,108,198
qm,46,1523,223
qm,46,1744,271
qm,46,1744,271
qm,47,179,41
qm,47,179,21
qm,47,180,254
qm,47,180,84
qm,47,2152,70
qm,47,3173,102
qm,48,3627,259
qm,48,3627,119
qm,49,5557,237
qm,49,59,73
qm,49,59,240
qm,49,6300,169
qm,50,6317,239
qm,50,6686,161
qm,50,6686,66
qm,50,6743,229
qm,50,6743,211
qm,50,694,198
qm,50,744,220
qm,50,7652,59
qm,50,7652,99
qm,51,806,132
qm,51,806,39
qm,51,8752,286
qm,51,8775,245
qm,51,8775,194
qm,51,8817,203
qm,51,8817,275
qm,51,8861,79
qm,51,8861,97
qm,52,9040,40
qm,52,9040,66
qm,52,9402,91
qm,52,9693,55
qm,53,108,86
qm,53,1523,42
qm,53,1523,142
qm,53,1744,46
qm,53,180,103
qm,53,2152,155
qm,53,2152,249
qm,54,3173,259
qm,54,3173,60
qm,54,3390,277
qm,54,3390,86
qm,54,3932,217
qm,55,5410,60
qm,55,5410,19
qm,55,5842,78
qm,56,59,238
qm,56,59,66
qm,56,6300,252
qm,56,6300,186
qm,56,6686,170
qm,56,6743,196
qm,56,6743,217
qm,57,694,233
qm,57,744,229
qm,57,7652,230
qm,57,806,178
qm,57,806,172
qm,58,8775,110
qm,58,8775,213
qm,58,8861,282
qm,58,8861,21
qm,58,9040,147
qm,58,9402,53
qm,58,9404,275
qm,58,9404,34
qm,59,9693,252
qm,59,9725,135
qm,59,9779,213
qm,59,9779,19
qm,59,108,203
qm,59,1744,148
qm,60,179,64
qm,60,179,108
qm,60,2152,231
qm,60,2383,32
qm,60,3173,250
qm,60,3390,24
qm,60,3390,4
qm,61,3627,87
qm,61,3627,286
qm,61,3932,67
qm,61,3932,46
qm,61,4206,179
qm,61,4206,200
qm,61,4388,179
qm,61,5410,123
qm,62,59,8
qm,62,59,147
qm,62,6300,146
qm,62,6300,29
qm,63,6317,14
qm,63,694,10
qm,63,7652,168
qm,64,7833,212
qm,64,806,156
qm,64,806,161
qm,64,8752,209
qm,64,8752,86
qm,64,8817,78
qm,64,8817,127
qm,64,8861,6
qm,64,8861,203
qm,65,9040,41
qm,65,9402,112
qm,65,9693,149
qm,65,9779,107
qm,66,108,92
qm,66,108,186
qm,66,1523,182
qm,66,180,123
qm,66,2152,51
qm,66,2152,83
qm,67,3390,61
qm,68,4206,111
qm,68,4206,113
qm,68,4388,18
qm,68,5410,67
qm,68,5410,165
qm,68,5472,270
qm,68,5472,218
qm,68,5557,50
qm,68,5557,264
qm,68,5842,203
qm,68,5842,10
qm,69,59,180
qm,69,59,280
qm,69,6300,158
qm,69,6300,46
qm,70,7652,108
qm,70,7652,84
qm,70,7833,96
qm,70,7833,178
qm,70,806,34
qm,70,806,34
qm,70,8752,175
qm,70,8752,121
qm,71,8775,119
qm,71,8775,208
qm,71,8861,233
qm,71,8861,109
qm,71,9404,25
qm,72,9693,255
qm,72,9693,280
qm,72,9725,71
qm,72,9725,234
qm,72,108,122
qm,72,1744,81
qm,72,1744,267
qm,73,180,14
qm,73,2152,212
qm,73,2383,130
qm,73,3173,124
qm,73,3390,148
qm,73,3390,76
qm,74,348,47
qm,74,3627,162
qm,74,4206,224
qm,74,4388,269
qm,74,4388,242
qm,75,5557,86
qm,75,5557,88
qm,75,5842,214
qm,75,5842,132
qm,75,59,11
qm,75,59,79
qm,75,6300,129
qm,75,6300,80
qm,76,6686,44
qm,76,6686,229
qm,76,6743,133
qm,76,694,269
qm,76,744,227
qm,76,744,123
qm,76,7652,203
qm,77,7833,237
qm,77,806,119
qm,77,8752,211
qm,77,8775,103
qm,77,8817,169
qm,77,8817,150
qm,77,8861,172
qm,78,9402,285
qm,78,9693,245
qm,78,9725,144
qm,79,108,85
qm,79,1523,117
qm,79,179,145
qm,79,180,275
qm,79,180,172
qm,79,2152,244
qm,79,2152,6
qm,80,2383,283
qm,80,2383,138
qm,80,3173,188
qm,80,3390,279
qm,80,348,193
qm,80,348,241
qm,80,3932,241
qm,81,4388,210
qm,81,5410,228
qm,81,5472,98
qm,81,5472,129
qm,81,5557,198
qm,81,5557,129
qm,82,5872,285
qm,82,6300,114
qm,82,6743,251
qm,83,694,84
qm,83,694,277
qm,83,744,276
qm,83,744,281
qm,83,7652,166
qm,83,7652,166
qm,83,7833,121
qm,83,7833,128
qm,83,8752,31
qm,84,8817,37
qm,84,8817,41
qm,84,8861,209
qm,84,8861,22
qm,84,9402,202
qm,84,9402,77
qm,85,9693,39
qm,85,9693,277
qm,85,9725,93
qm,85,9725,93
qm,85,9779,61
qm,85,9779,66
qm,85,108,271
qm,85,1523,170
qm,85,1744,196
qm,86,179,63
qm,86,2152,109
qm,86,2152,232
qm,86,2383,251
qm,86,3390,122
qm,86,3390,128
qm,87,348,211
qm,87,3627,62
qm,87,3627,118
qm,87,3932,237
qm,87,4206,125
qm,87,5410,251
qm,88,5472,84
qm,88,5472,287
qm,88,5557,66
qm,88,5872,153
qm,88,5872,268
qm,88,59,29
qm,88,59,98
qm,89,6686,233
qm,89,6686,94
qm,89,744,269
qm,89,7652,149
qm,90,806,209
qm,90,8752,281
qm,90,8752,38
qm,90,8817,2
qm,90,8817,6
qm,90,8861,150
qm,90,8861,29
qm,91,9040,166
qm,91,9040,188
qm,92,1523,166
qm,92,1744,114
qm,92,2152,31
qm,92,2152,224
qm,93,2383,134
qm,93,3173,15
qm,93,3390,163
qm,93,3390,66
qm,93,348,81
qm,93,3932,122
qm,93,3932,35
qm,94,4206,108
qm,94,4206,259
qm,94,4388,38
qm,94,5410,263
qm,94,5410,95
qm,94,5472,193
qm,94,5842,83
qm,95,59,140
qm,95,59,162
qm,95,6300,236
qm,95,6317,6
qm,95,6743,74
qm,96,744,115
qm,96,744,70
qm,96,7652,256
qm,96,7652,235
qm,96,7833,148
qm,96,806,0
qm,96,8752,251
qm,97,8861,187
qm,97,9040,222
qm,97,9040,127
qm,97,9402,151
qm,98,9693,61
qm,98,9725,276
qm,98,9725,214
qm,98,108,125
qm,98,1523,221
qm,98,1523,54
qm,98,1744,197
qm,99,179,66
qm,99,2383,103
qm,99,3173,152
qm,100,348,163
qm,100,348,87
qm,100,3627,182
qm,100,3627,253
qm,100,3932,64
qm,100,3932,238
qm,100,4388,243
qm,100,5410,169
qm,1,108,182
qm,1,108,156
qm,1,1523,209
qm,1,1744,39
qm,1,179,77
qm,1,179,202
qm,1,180,198
qm,1,2152,148
qm,1,2152,192
qm,2,2383,137
qm,2,2383,64
qm,2,3173,141
qm,2,348,170
qm,2,3627,200
qm,3,4206,86
qm,3,4206,228
qm,3,4388,62
qm,3,5410,137
qm,3,5472,34
qm,3,5557,123
qm,3,5557,54
qm,4,5872,139
qm,4,59,84
qm,4,59,66
qm,4,6300,118
qm,4,6300,182
qm,4,6686,81
qm,4,6743,1
qm,4,6743,152
qm,5,7652,44
qm,5,7833,30
qm,5,7833,81
qm,5,8752,28
qm,5,8752,222
qm,6,8817,36
qm,6,8817,182
qm,6,8861,16
qm,6,9404,30
qm,6,9404,270
qm,7,9725,62
qm,7,9779,284
qm,7,1523,123
qm,7,1523,124
qm,7,1744,274
qm,8,2383,240
qm,8,2383,53
qm,8,3173,99
qm,8,3173,31
qm,9,3627,158
qm,9,3932,277
qm,9,4388,4
qm,10,5557,208
qm,10,5872,31
qm,10,5872,172
qm,10,59,6
qm,10,59,83
qm,10,6300,246
qm,10,6300,50
qm,11,6317,284
qm,11,6686,238
qm,11,6743,109
qm,11,6743,253
qm,11,694,265
qm,11,744,6
qm,11,7652,48
qm,11,7652,104
qm,12,806,143
qm,12,806,60
qm,12,8752,13
qm,12,8775,55
qm,12,8817,203
qm,12,8861,152
qm,13,9040,143
qm,13,9402,236
qm,13,9402,277
qm,13,9404,119
qm,13,9693,271
qm,13,9725,246
qm,13,9725,82
qm,13,9779,0
qm,13,9779,192
qm,14,108,108
qm,14,108,92
qm,14,1523,92
qm,14,1744,108
qm,14,179,33
qm,15,2383,232
qm,15,3173,284
qm,15,3627,51
qm,16,4388,285
qm,16,5410,191
qm,16,5472,48
qm,16,5557,131
qm,16,5557,217
qm,16,5842,275
qm,16,5842,269
qm,17,5872,61
qm,17,5872,116
qm,17,59,162
qm,17,6317,173
qm,17,6317,49
qm,18,694,47
qm,18,694,66
qm,18,744,88
qm,18,744,282
qm,18,806,176
qm,18,8752,274
qm,18,8752,171
qm,19,8817,108
qm,19,8817,115
qm,19,9040,72
qm,19,9040,222
qm,19,9402,227
qm,19,9402,176
qm,20,9779,229
qm,20,108,123
qm,20,108,9
qm,20,1523,195
qm,20,1744,155
qm,21,180,113
qm,21,2383,51
qm,21,3173,266
qm,21,3173,196
qm,21,3390,270
qm,21,3390,125
qm,22,3627,21
qm,22,3932,232
qm,22,4206,31
qm,23,5557,40
qm,23,5842,254
qm,23,5872,241
qm,23,5872,220
qm,23,6300,251
qm,24,6686,191
qm,24,6686,60
qm,24,6743,108
qm,24,6743,277
qm,24,744,105
qm,24,7652,129
qm,25,7833,260
qm,25,8752,181
qm,25,8775,124
qm,25,8775,25
qm,25,8817,33
qm,25,8817,149
qm,25,8861,130
qm,25,8861,192
qm,26,9402,47
qm,26,9693,55
qm,26,9725,104
qm,26,9725,154
qm,27,179,268
qm,27,179,198
qm,27,180,49
qm,27,2152,73
qm,28,3390,113
qm,28,3627,8
qm,28,3932,275
qm,28,3932,130
qm,29,4206,61
qm,29,4206,212
qm,29,5472,270
qm,29,5472,244
qm,29,5557,123
qm,29,5557,178
qm,29,5842,104
qm,29,5842,154
qm,30,59,283
qm,30,6300,47
qm,30,6300,276
qm,30,6317,82
qm,30,6317,251
qm,30,6686,270
qm,30,6743,99
qm,30,6743,244
qm,31,694,67
qm,31,7652,163
qm,31,7652,68
qm,31,7833,179
qm,31,7833,81
qm,31,806,0
qm,31,806,74
qm,31,8752,124
qm,31,8752,177
qm,32,8817,279
qm,32,8817,40
qm,32,8861,286
qm,32,8861,64
qm,32,9404,151
qm,32,9404,79
qm,33,9693,157
qm,33,9693,88
qm,33,9725,156
qm,33,9725,287
qm,33,9779,65
qm,33,9779,287
qm,33,1523,54
qm,33,1523,176
qm,33,1744,242
qm,33,1744,7
qm,34,180,118
qm,34,3390,144
qm,35,3627,167
qm,35,3627,69
qm,35,3932,60
qm,35,3932,68
qm,35,4206,33
qm,35,4206,150
qm,35,4388,123
qm,35,5410,269
qm,35,5410,148
qm,36,5472,280
qm,36,5557,162
qm,36,5557,115
qm,36,5842,44
qm,36,5872,58
qm,37,6686,138
qm,37,6686,110
qm,37,694,106
qm,37,694,176
qm,37,744,73
qm,38,7833,86
qm,38,806,89
qm,38,806,17
qm,38,8775,25
qm,38,8861,219
qm,38,8861,220
qm,39,9402,231
qm,39,9404,205
qm,39,9725,243
qm,40,1523,206
qm,40,179,193
qm,40,179,73
qm,40,180,107
qm,40,180,121
qm,41,3173,163
qm,41,3390,137
qm,41,348,123
qm,41,3932,27
qm,42,4206,278
qm,42,4388,255
qm,42,5410,206
qm,42,5472,9
qm,42,5472,1
qm,42,5557,128
qm,42,5842,224
qm,43,59,166
qm,43,6300,213
qm,43,6300,163
qm,43,6317,221
qm,43,6686,176
qm,43,6686,3
qm,43,6743,222
qm,43,6743,81
qm,44,7652,166
qm,44,7833,29
qm,44,7833,55
qm,44,806,107
qm,44,8752,192
qm,44,8752,31
qm,45,8775,229
qm,45,8817,141
qm,45,9040,203
qm,45,9040,155
qm,45,9404,76
qm,45,9404,242
qm,46,9725,230
qm,46,9725,189
qm,46,9779,91
qm,46,1523,196
qm,46,1523,247
qm,46,1744,174
qm,47,179,184
qm,47,180,84
qm,47,180,185
qm,47,2152,161
qm,47,2152,115
qm,47,2383,200
qm,47,2383,198
qm,47,3173,56
qm,47,3173,34
qm,47,3390,241
qm,48,3627,159
qm,48,3627,282
qm,48,3932,238
qm,48,3932,187
qm,48,4206,145
qm,48,4206,194
qm,48,5410,197
qm,48,5410,174
qm,49,5557,20
qm,49,5557,284
qm,49,5842,42
qm,49,5842,110
qm,49,6300,26
qm,50,6317,263
qm,50,6686,38
qm,50,6743,261
qm,50,6743,45
qm,50,694,250
qm,50,694,98
qm,50,744,97
qm,50,7652,4
qm,51,7833,262
qm,51,8817,198
qm,51,8817,131
qm,51,8861,73
qm,51,8861,0
qm,52,9040,183
qm,52,9402,164
qm,52,9402,186
qm,52,9404,44
qm,52,9404,280
qm,53,108,230
qm,53,1744,36
qm,53,179,269
qm,53,180,152
qm,53,180,35
qm,53,2152,96
qm,54,2383,186
qm,54,2383,68
qm,54,348,78
qm,54,3932,265
qm,55,4206,236
qm,55,4388,43
qm,55,5410,69
qm,55,5557,272
qm,55,5842,148
qm,55,5842,98
qm,56,59,285
qm,56,6300,210
qm,56,6300,189
qm,56,6317,121
qm,56,6317,124
qm,56,6686,5
qm,56,6686,196
qm,56,6743,274
qm,56,6743,103
qm,57,694,238
qm,57,744,139
qm,57,744,13
qm,57,7652,235
qm,57,7833,28
qm,57,7833,198
qm,57,8752,82
qm,57,8752,172
qm,58,8775,46
qm,58,8817,229
qm,58,8861,20
qm,58,9402,57
qm,58,9404,56
qm,58,9404,100
qm,59,9693,239
qm,59,9725,13
qm,59,1523,148
qm,59,1523,222
qm,60,179,213
qm,60,180,43
qm,60,180,43
qm,60,2152,233
qm,60,2152,213
qm,60,2383,240
qm,61,348,258
qm,61,348,160
qm,61,3627,43
qm,61,3627,262
qm,61,3932,237
qm,61,3932,232
qm,61,4206,265
qm,61,5410,194
qm,62,5472,143
qm,62,5872,82
qm,62,59,145
qm,62,59,146
qm,62,6300,99
qm,62,6300,56
qm,63,6317,60
qm,63,6686,187
qm,63,6686,138
qm,63,6743,277
qm,63,7652,169
qm,63,7652,8
qm,64,8775,271
qm,64,8775,249
qm,64,8817,48
qm,64,8861,120
qm,64,8861,120
qm,65,9040,40
qm,65,9404,142
qm,65,9404,60
qm,65,9693,55
qm,65,9693,9
qm,65,9725,77
qm,65,9725,3
qm,65,9779,48
qm,66,1523,237
qm,66,1523,207
qm,66,1744,186
qm,66,179,251
qm,66,179,7
qm,66,180,59
qm,67,3173,180
qm,67,3173,21
qm,67,3390,255
qm,67,3390,19
qm,67,348,176
qm,67,3932,121
qm,67,3932,120
qm,68,4206,18
qm,68,4206,140
qm,68,4388,228
qm,68,5410,215
qm,68,5410,143
qm,68,5557,246
qm,69,59,282
qm,69,59,257
qm,69,6300,44
qm,69,6317,203
qm,69,6686,97
qm,69,6743,249
qm,70,7652,110
qm,70,806,57
qm,70,806,201
qm,70,8752,104
qm,70,8752,2
qm,71,8817,159
qm,71,8817,181
qm,71,8861,92
qm,71,8861,21
qm,71,9040,153
qm,71,9040,146
qm,71,9402,55
qm,71,9402,26
qm,72,9693,17
qm,72,9725,182
qm,72,9725,37
qm,72,1523,50
qm,72,1523,35
qm,72,1744,80
qm,73,179,209
qm,73,179,256
qm,73,180,186
qm,73,2383,247
qm,73,3390,11
qm,74,348,46
qm,74,3627,181
qm,74,3627,141
qm,74,3932,238
qm,74,3932,137
qm,74,4206,52
qm,74,4206,174
qm,74,4388,73
qm,75,5842,160
qm,75,5872,154
qm,76,6317,13
qm,76,6686,142
qm,76,6743,204
qm,76,6743,109
qm,76,744,200
qm,76,744,245
qm,76,7652,203
qm,76,7652,178
qm,77,806,159
qm,77,806,181
qm,77,8817,6
qm,77,8817,56
qm,78,9040,260
qm,78,9040,214
qm,78,9402,18
qm,78,9779,107
qm,79,108,185
qm,79,1523,132
qm,79,179,242
qm,79,2152,122
qm,79,2152,153
qm,80,3390,258
qm,80,3390,19
qm,80,348,131
qm,80,348,123
qm,80,3627,29
qm,80,3627,32
qm,80,3932,168
qm,81,4206,281
qm,81,4206,283
qm,81,4388,68
qm,81,5410,37
qm,81,5410,228
qm,81,5472,199
qm,81,5472,100
qm,81,5557,245
qm,81,5557,144
qm,81,5842,172
qm,81,5842,30
qm,82,59,284
qm,82,6686,80
qm,82,6743,224
qm,83,694,39
qm,83,694,262
qm,83,744,187
qm,83,7652,70
qm,83,7833,267
qm,83,7833,243
qm,83,8752,7
qm,83,8752,99
qm,84,8817,232
qm,84,8817,188
qm,84,8861,256
qm,84,8861,43
qm,84,9040,56
qm,84,9402,221
qm,84,9404,179
qm,84,9404,2
qm,85,9693,42
qm,85,9725,108
qm,85,9725,190
qm,85,9779,68
qm,85,1744,100
qm,86,179,189
qm,86,179,164
qm,86,2152,183
qm,86,2152,252
qm,86,3173,193
qm,87,4206,101
qm,87,4388,52
qm,87,5410,200
qm,88,5557,93
qm,88,5872,4
qm,88,59,101
qm,89,694,124
qm,89,744,221
qm,89,744,275
qm,90,7833,109
qm,90,806,17
qm,90,806,284
qm,90,8752,47
qm,90,8775,97
qm,90,8817,267
qm,90,8817,35
qm,90,8861,200
qm,90,8861,151
qm,91,9040,132
qm,91,9693,271
qm,91,9693,169
qm,91,9725,242
qm,91,9779,83
qm,91,9779,102
qm,92,108,252
qm,92,1523,210
qm,92,1744,162
qm,92,179,193
qm,92,179,51
qm,92,180,245
qm,92,180,59
qm,92,2152,152
qm,92,2152,53
qm,93,3173,260
qm,93,348,34
qm,93,348,199
qm,93,3932,174
qm,93,3932,127
qm,94,4206,284
qm,94,5410,204
qm,94,5842,171
qm,94,5842,130
qm,95,5872,14
qm,95,59,117
qm,95,59,14
qm,95,6300,109
qm,95,6300,259
qm,95,6317,224
qm,95,6317,100
qm,95,6686,98
qm,95,6686,273
qm,95,6743,274
qm,96,744,44
qm,96,744,138
qm,96,7652,88
qm,96,7833,77
qm,96,7833,27
qm,97,8861,84
qm,97,8861,188
qm,97,9040,247
qm,97,9404,272
qm,98,9693,43
qm,98,9725,89
qm,98,9725,231
qm,98,9779,108
qm,98,9779,71
qm,98,1523,146
qm,99,180,133
qm,99,2152,17
qm,99,2383,122
qm,99,2383,54
qm,100,3627,139
qm,100,3932,183
qm,100,4206,51
qm,100,4388,101
qm,100,5410,271
qm,100,5410,30
