ID,Match Level,Match #,Team #,Cycle Time,Teleop Scoring Location
1,qm,1,108,4.9,a
2,qm,1,108,27.4,a
3,qm,1,108,25.0,71
4,qm,1,1523,4.1,a
5,qm,1,1523,28.6,87
6,qm,1,1523,29.6,39
7,qm,1,1523,18.5,189
8,qm,1,1523,4.0,157
9,qm,1,1523,5.2,283
10,qm,1,1523,12.6,143
11,qm,1,1523,16.8,113
12,qm,1,1523,6.4,158
13,qm,1,1523,28.8,204
14,qm,1,179,5.6,97
15,qm,1,179,22.1,a
16,qm,1,179,24.2,105
17,qm,1,179,18.2,270
18,qm,1,179,23.1,55
19,qm,1,179,25.8,a
20,qm,1,179,10.9,a
21,qm,1,179,7.1,a
22,qm,1,179,7.6,a
23,qm,1,179,25.7,a
24,qm,1,180,24.6,123
25,qm,1,180,28.2,a
26,qm,1,180,5.1,105
27,qm,1,180,23.8,31
28,qm,1,180,28.4,a
29,qm,1,180,6.4,a
30,qm,1,180,13.6,a
31,qm,1,2152,10.1,27
32,qm,1,2152,17.8,a
33,qm,2,2383,23.9,a
34,qm,2,2383,0.1,183
35,qm,2,2383,22.5,61
36,qm,2,3173,28.6,a
37,qm,2,3173,1.4,a
38,qm,2,3173,2.7,109
39,qm,2,3173,17.9,230
40,qm,2,3173,27.5,85
41,qm,2,3173,11.9,18
42,qm,2,3173,8.5,257
43,qm,2,3173,10.4,118
44,qm,2,3173,15.3,254
45,qm,2,3173,11.4,164
46,qm,2,3390,18.1,a
47,qm,2,3390,9.9,a
48,qm,2,3390,6.6,a
49,qm,2,3390,23.4,280
50,qm,2,3390,24.6,158
51,qm,2,3390,3.6,110
52,qm,2,3390,18.9,a
53,qm,2,3390,13.8,a
54,qm,2,3390,23.1,a
55,qm,2,3390,20.4,a
56,qm,2,348,3.1,a
57,qm,2,348,8.0,222
58,qm,2,348,24.9,243
59,qm,2,348,19.8,222
60,qm,3,4206,23.0,a
61,qm,3,4206,2.7,209
62,qm,3,4206,16.4,a
63,qm,3,4206,0.8,180
64,qm,3,4206,27.7,41
65,qm,3,4388,9.2,21
66,qm,3,5410,28.8,230
67,qm,3,5472,5.7,a
68,qm,3,5472,23.1,56
69,qm,3,5472,10.6,a
70,qm,3,5472,18.7,30
71,qm,3,5472,13.1,131
72,qm,3,5472,15.2,74
73,qm,3,5557,14.2,a
74,qm,3,5557,15.1,202
75,qm,3,5557,21.0,a
76,qm,3,5557,14.3,a
77,qm,3,5557,28.8,224
78,qm,3,5842,29.2,243
79,qm,3,5842,17.0,a
80,qm,3,5842,12.3,128
81,qm,3,5842,2.0,a
82,qm,3,5842,9.6,52
83,qm,3,5842,26.0,a
84,qm,3,5842,6.4,a
85,qm,3,5842,16.0,50
86,qm,3,5842,15.2,221
87,qm,3,5842,3.6,a
88,qm,4,5872,19.0,a
89,qm,4,5872,2.9,68
90,qm,4,5872,8.5,a
91,qm,4,5872,11.0,110
92,qm,4,5872,19.1,37
93,qm,4,5872,15.8,23
94,qm,4,5872,10.7,182
95,qm,4,59,10.2,232
96,qm,4,59,28.9,23
97,qm,4,59,3.5,61
98,qm,4,6317,27.2,147
99,qm,4,6317,22.8,73
100,qm,4,6317,17.7,2
101,qm,4,6317,20.6,72
102,qm,4,6317,15.0,4
103,qm,4,6317,1.0,196
104,qm,4,6317,18.5,102
105,qm,4,6317,8.9,101
106,qm,4,6317,18.0,179
107,qm,4,6317,10.7,178
108,qm,4,6686,26.4,a
109,qm,4,6686,21.8,29
110,qm,4,6686,27.6,9
111,qm,4,6686,28.3,226
112,qm,4,6686,0.6,242
113,qm,4,6686,19.5,a
114,qm,4,6743,18.3,247
115,qm,5,694,5.2,12
116,qm,5,694,3.2,a
117,qm,5,694,6.6,a
118,qm,5,694,13.8,a
119,qm,5,694,12.2,a
120,qm,5,694,20.5,117
121,qm,5,694,1.0,a
122,qm,5,744,2.3,89
123,qm,5,744,8.7,162
124,qm,5,744,18.6,237
125,qm,5,744,7.3,95
126,qm,5,7652,1.8,134
127,qm,5,7652,18.1,13
128,qm,5,7833,29.7,a
129,qm,5,7833,2.5,169
130,qm,5,7833,27.7,127
131,qm,5,7833,13.8,53
132,qm,5,7833,1.6,203
133,qm,5,7833,25.3,242
134,qm,5,7833,6.5,54
135,qm,5,806,29.0,a
136,qm,5,806,13.4,a
137,qm,5,806,17.3,148
138,qm,5,806,21.3,268
139,qm,5,806,1.2,177
140,qm,5,806,29.2,102
141,qm,5,806,20.6,5
142,qm,5,8752,6.4,a
143,qm,5,8752,0.1,35
144,qm,5,8752,6.1,25
145,qm,5,8752,9.9,101
146,qm,5,8752,0.7,198
147,qm,5,8752,8.2,55
148,qm,5,8752,12.3,125
149,qm,5,8752,19.3,2
150,qm,5,8752,14.2,197
151,qm,5,8752,2.2,177
152,qm,6,8775,22.4,134
153,qm,6,8775,27.1,211
154,qm,6,8775,2.2,21
155,qm,6,8775,20.6,143
156,qm,6,8775,18.6,133
157,qm,6,8861,4.6,229
158,qm,6,8861,5.2,a
159,qm,6,9040,11.5,35
160,qm,6,9040,0.8,a
161,qm,6,9040,14.7,174
162,qm,6,9040,9.6,a
163,qm,6,9040,5.4,250
164,qm,6,9040,13.2,a
165,qm,6,9040,14.7,a
166,qm,6,9402,29.3,269
167,qm,6,9402,17.5,201
168,qm,6,9402,29.0,266
169,qm,6,9402,24.5,73
170,qm,6,9404,25.3,a
171,qm,6,9404,17.1,a
172,qm,6,9404,20.4,105
173,qm,6,9404,9.7,107
174,qm,6,9404,3.0,a
175,qm,7,9693,2.3,a
176,qm,7,9693,13.0,256
177,qm,7,9693,6.6,158
178,qm,7,9693,23.9,a
179,qm,7,9693,15.4,a
180,qm,7,9693,12.0,254
181,qm,7,9725,1.0,a
182,qm,7,9725,9.4,a
183,qm,7,9725,3.8,213
184,qm,7,9725,27.2,a
185,qm,7,9725,4.9,136
186,qm,7,108,0.5,a
187,qm,7,108,2.2,a
188,qm,7,108,2.1,105
189,qm,7,1523,10.9,222
190,qm,7,1523,12.1,a
191,qm,7,1523,9.5,175
192,qm,7,1523,5.8,103
193,qm,7,1523,6.7,a
194,qm,7,1523,13.3,80
195,qm,7,1523,22.2,29
196,qm,7,1744,0.7,a
197,qm,7,1744,11.4,a
198,qm,7,1744,11.1,a
199,qm,7,1744,26.4,201
200,qm,7,1744,14.7,a
201,qm,7,1744,22.2,217
202,qm,7,1744,2.2,a
203,qm,7,1744,2.6,265
204,qm,8,179,17.5,a
205,qm,8,179,16.7,138
206,qm,8,179,27.6,134
207,qm,8,180,27.6,135
208,qm,8,180,0.2,a
209,qm,8,180,8.7,281
210,qm,8,180,11.6,37
211,qm,8,180,19.1,259
212,qm,8,180,19.6,167
213,qm,8,180,23.2,36
214,qm,8,2152,12.1,a
215,qm,8,2152,3.1,a
216,qm,8,2152,29.8,138
217,qm,8,2152,22.7,20
218,qm,8,2383,6.5,a
219,qm,8,2383,9.2,77
220,qm,8,2383,8.8,a
221,qm,8,2383,29.2,a
222,qm,8,2383,15.7,a
223,qm,8,3173,6.5,81
224,qm,8,3173,19.4,241
225,qm,8,3173,22.1,a
226,qm,8,3173,20.1,a
227,qm,8,3173,17.8,a
228,qm,8,3173,24.3,a
229,qm,8,3173,19.7,a
230,qm,8,3173,25.5,a
231,qm,8,3390,13.7,31
232,qm,9,348,26.4,256
233,qm,9,348,22.1,a
234,qm,9,348,18.7,84
235,qm,9,348,2.5,254
236,qm,9,348,13.3,a
237,qm,9,348,23.3,191
238,qm,9,348,21.6,a
239,qm,9,348,10.5,283
240,qm,9,348,17.1,62
241,qm,9,348,5.9,a
242,qm,9,3627,14.1,209
243,qm,9,3627,27.2,a
244,qm,9,3627,14.5,a
245,qm,9,3627,8.8,a
246,qm,9,3627,23.3,a
247,qm,9,3627,2.7,a
248,qm,9,3627,1.4,a
249,qm,9,3627,8.1,a
250,qm,9,3932,8.8,a
251,qm,9,3932,14.9,a
252,qm,9,3932,2.2,158
253,qm,9,3932,14.5,a
254,qm,9,3932,24.3,a
255,qm,9,3932,21.7,a
256,qm,9,4206,13.3,102
257,qm,9,4206,24.3,274
258,qm,9,4388,25.1,128
259,qm,9,4388,6.7,197
260,qm,9,4388,25.9,34
261,qm,9,4388,4.2,106
262,qm,9,5410,10.6,192
263,qm,9,5410,16.0,171
264,qm,9,5410,0.2,5
265,qm,9,5410,22.2,7
266,qm,9,5410,14.0,55
267,qm,9,5410,7.9,35
268,qm,9,5410,11.1,224
269,qm,9,5410,14.7,82
270,qm,9,5410,9.6,152
271,qm,9,5410,28.9,73
272,qm,10,5472,14.0,259
273,qm,10,5472,27.4,a
274,qm,10,5472,26.4,a
275,qm,10,5472,18.7,a
276,qm,10,5472,17.6,a
277,qm,10,5472,17.7,90
278,qm,10,5472,16.6,19
279,qm,10,5472,6.2,a
280,qm,10,5472,22.5,89
281,qm,10,5472,1.0,166
282,qm,10,5842,1.2,189
283,qm,10,5842,26.0,a
284,qm,10,5842,13.3,a
285,qm,10,5842,9.2,a
286,qm,10,5872,16.3,223
287,qm,10,5872,21.6,a
288,qm,10,5872,24.1,275
289,qm,10,5872,26.1,150
290,qm,10,59,15.5,250
291,qm,10,59,15.4,97
292,qm,10,59,14.1,76
293,qm,10,59,22.8,177
294,qm,10,59,0.7,77
295,qm,10,59,22.6,194
296,qm,10,59,16.1,11
297,qm,10,6300,4.8,81
298,qm,11,6317,2.1,a
299,qm,11,6317,22.8,135
300,qm,11,6317,8.7,206
301,qm,11,6317,5.8,159
302,qm,11,6317,2.9,136
303,qm,11,6317,21.8,18
304,qm,11,6317,0.4,36
305,qm,11,6317,21.9,90
306,qm,11,6743,4.2,a
307,qm,11,6743,15.2,a
308,qm,11,6743,20.5,41
309,qm,11,6743,9.4,183
310,qm,11,6743,11.3,111
311,qm,11,6743,7.9,63
312,qm,11,6743,10.4,279
313,qm,11,694,15.1,58
314,qm,11,694,19.5,264
315,qm,11,694,12.5,26
316,qm,11,694,28.9,120
317,qm,11,744,1.4,227
318,qm,11,744,20.9,57
319,qm,11,744,17.3,223
320,qm,11,744,5.9,196
321,qm,11,7652,15.9,105
322,qm,11,7652,27.1,a
323,qm,12,7833,27.3,229
324,qm,12,7833,11.3,a
325,qm,12,7833,22.5,a
326,qm,12,7833,14.0,a
327,qm,12,806,2.4,90
328,qm,12,806,7.7,233
329,qm,12,806,5.2,a
330,qm,12,806,25.5,257
331,qm,12,806,0.1,a
332,qm,12,806,9.6,a
333,qm,12,806,11.8,a
334,qm,12,806,4.2,a
335,qm,12,806,7.4,a
336,qm,12,8752,12.3,183
337,qm,12,8752,2.9,a
338,qm,12,8752,29.5,a
339,qm,12,8752,8.4,113
340,qm,12,8752,7.3,a
341,qm,12,8752,24.3,a
342,qm,12,8752,28.2,235
343,qm,12,8752,26.2,a
344,qm,12,8752,17.8,208
345,qm,12,8752,25.1,157
346,qm,12,8775,28.4,196
347,qm,12,8775,12.4,a
348,qm,12,8775,19.7,a
349,qm,12,8775,13.3,a
350,qm,12,8817,1.3,270
351,qm,12,8817,7.6,73
352,qm,12,8817,23.8,104
353,qm,12,8817,15.6,a
354,qm,12,8817,10.5,219
355,qm,12,8817,29.7,123
356,qm,12,8817,21.9,49
357,qm,12,8817,4.6,243
358,qm,12,8817,14.0,a
359,qm,12,8817,16.7,a
360,qm,12,8861,21.0,168
361,qm,12,8861,20.3,a
362,qm,12,8861,0.2,107
363,qm,12,8861,25.2,192
364,qm,12,8861,19.5,0
365,qm,12,8861,21.9,222
366,qm,12,8861,29.0,272
367,qm,13,9040,4.3,276
368,qm,13,9040,16.7,135
369,qm,13,9040,2.5,a
370,qm,13,9040,22.4,a
371,qm,13,9040,26.0,a
372,qm,13,9040,4.1,237
373,qm,13,9040,20.6,158
374,qm,13,9040,18.8,161
375,qm,13,9040,10.8,286
376,qm,13,9402,4.9,180
377,qm,13,9402,17.5,109
378,qm,13,9402,10.5,281
379,qm,13,9402,28.9,160
380,qm,13,9404,21.1,22
381,qm,13,9404,25.7,91
382,qm,13,9404,8.5,88
383,qm,13,9404,12.9,41
384,qm,13,9404,21.4,133
385,qm,13,9404,20.2,110
386,qm,13,9404,11.4,45
387,qm,13,9404,24.2,92
388,qm,13,9404,7.8,111
389,qm,13,9404,6.6,87
390,qm,13,9693,4.3,3
391,qm,13,9693,3.7,148
392,qm,13,9693,25.7,a
393,qm,13,9693,3.8,144
394,qm,13,9693,19.5,242
395,qm,13,9693,9.2,99
396,qm,13,9693,27.9,202
397,qm,13,9725,4.5,6
398,qm,13,9725,27.7,a
399,qm,13,9725,22.7,a
400,qm,13,9725,27.8,a
401,qm,13,9779,10.0,249
402,qm,13,9779,23.1,216
403,qm,13,9779,14.1,105
404,qm,13,9779,24.9,265
405,qm,13,9779,26.1,176
406,qm,13,9779,25.7,24
407,qm,14,108,17.8,186
408,qm,14,108,1.4,a
409,qm,14,108,19.9,a
410,qm,14,1523,3.0,15
411,qm,14,1523,3.4,47
412,qm,14,1744,1.2,207
413,qm,14,1744,27.7,186
414,qm,14,179,23.1,a
415,qm,14,179,27.7,a
416,qm,14,179,23.2,194
417,qm,14,179,20.8,196
418,qm,14,179,9.9,a
419,qm,14,179,20.0,a
420,qm,14,179,9.4,a
421,qm,14,179,0.4,a
422,qm,14,180,29.4,a
423,qm,14,180,18.9,a
424,qm,14,180,24.7,34
425,qm,14,2152,0.6,0
426,qm,14,2152,7.2,a
427,qm,14,2152,19.8,a
428,qm,14,2152,26.0,153
429,qm,14,2152,15.1,48
430,qm,14,2152,19.0,144
431,qm,14,2152,10.0,127
432,qm,14,2152,4.7,a
433,qm,14,2152,23.2,a
434,qm,14,2152,24.7,a
435,qm,15,2383,1.5,a
436,qm,15,2383,11.6,a
437,qm,15,2383,4.9,a
438,qm,15,2383,18.0,165
439,qm,15,3173,2.6,280
440,qm,15,3173,22.1,85
441,qm,15,3173,28.7,a
442,qm,15,3173,1.6,a
443,qm,15,3173,5.8,a
444,qm,15,3173,25.7,a
445,qm,15,3390,15.0,283
446,qm,15,3390,22.2,a
447,qm,15,3390,19.0,66
448,qm,15,3390,2.0,234
449,qm,15,348,15.3,8
450,qm,15,348,3.4,240
451,qm,15,348,28.9,0
452,qm,15,3627,1.5,218
453,qm,15,3627,15.4,33
454,qm,15,3627,8.2,a
455,qm,15,3627,11.2,a
456,qm,15,3627,6.8,224
457,qm,16,4206,29.7,17
458,qm,16,4206,21.0,a
459,qm,16,4206,28.7,85
460,qm,16,4206,3.2,165
461,qm,16,4206,2.5,254
462,qm,16,4206,4.4,237
463,qm,16,4206,25.0,67
464,qm,16,4206,29.2,60
465,qm,16,4206,20.4,157
466,qm,16,4388,5.3,187
467,qm,16,4388,2.5,236
468,qm,16,5410,23.2,66
469,qm,16,5410,7.2,255
470,qm,16,5410,2.8,260
471,qm,16,5410,29.5,65
472,qm,16,5410,29.5,13
473,qm,16,5410,3.3,142
474,qm,16,5410,23.6,18
475,qm,16,5410,17.2,228
476,qm,16,5472,15.0,150
477,qm,16,5472,12.3,100
478,qm,16,5472,9.3,a
479,qm,16,5472,10.8,a
480,qm,16,5472,24.5,a
481,qm,16,5472,25.0,a
482,qm,16,5557,17.0,155
483,qm,16,5557,24.7,168
484,qm,17,5872,24.4,a
485,qm,17,5872,21.0,a
486,qm,17,5872,25.8,a
487,qm,17,5872,0.2,69
488,qm,17,59,1.1,a
489,qm,17,59,8.1,20
490,qm,17,59,16.4,a
491,qm,17,59,27.2,a
492,qm,17,59,6.5,a
493,qm,17,59,17.4,a
494,qm,17,59,11.0,a
495,qm,17,59,1.8,a
496,qm,17,59,5.3,a
497,qm,17,59,7.0,a
498,qm,17,6300,28.5,212
499,qm,17,6300,6.8,a
500,qm,17,6300,9.9,287
501,qm,17,6300,2.0,88
502,qm,17,6317,18.2,201
503,qm,17,6317,22.9,a
504,qm,17,6317,5.0,a
505,qm,17,6317,15.4,a
506,qm,17,6317,14.3,249
507,qm,17,6317,23.0,271
508,qm,17,6317,12.5,99
509,qm,17,6686,3.9,125
510,qm,17,6686,14.6,273
511,qm,17,6743,2.1,78
512,qm,17,6743,11.4,221
513,qm,17,6743,5.0,a
514,qm,17,6743,2.9,175
515,qm,17,6743,0.2,74
516,qm,17,6743,2.8,127
517,qm,17,6743,21.6,125
518,qm,17,6743,15.4,176
519,qm,17,6743,16.6,268
520,qm,17,6743,13.1,247
521,qm,18,744,18.4,253
522,qm,18,744,28.3,15
523,qm,18,744,19.2,158
524,qm,18,7652,16.5,a
525,qm,18,7652,15.7,47
526,qm,18,7652,10.2,a
527,qm,18,7652,7.0,140
528,qm,18,7652,7.6,158
529,qm,18,7833,4.9,130
530,qm,18,7833,9.5,a
531,qm,18,7833,28.6,155
532,qm,18,7833,23.7,a
533,qm,18,806,16.8,170
534,qm,18,806,11.4,34
535,qm,18,806,20.8,247
536,qm,18,806,22.2,a
537,qm,18,806,10.6,243
538,qm,18,806,28.4,74
539,qm,18,8752,15.7,a
540,qm,18,8752,28.1,177
541,qm,18,8752,22.0,a
542,qm,18,8752,6.4,a
543,qm,18,8752,10.5,5
544,qm,18,8752,19.6,244
545,qm,18,8752,10.6,197
546,qm,18,8752,3.8,105
547,qm,18,8752,17.9,272
548,qm,18,8752,11.2,105
549,qm,19,8775,22.4,a
550,qm,19,8775,10.4,156
551,qm,19,8775,2.7,108
552,qm,19,8775,2.9,93
553,qm,19,8775,2.9,63
554,qm,19,8817,28.4,a
555,qm,19,8817,6.5,a
556,qm,19,8817,16.8,207
557,qm,19,8817,16.0,93
558,qm,19,8817,22.0,142
559,qm,19,8817,19.5,156
560,qm,19,8817,2.6,134
561,qm,19,8817,28.2,158
562,qm,19,8861,1.5,180
563,qm,19,9040,7.8,251
564,qm,19,9040,3.3,a
565,qm,19,9040,2.2,168
566,qm,19,9040,10.1,a
567,qm,19,9040,14.1,a
568,qm,19,9040,14.8,100
569,qm,19,9402,7.5,a
570,qm,19,9402,5.9,a
571,qm,19,9402,2.7,26
572,qm,19,9402,17.1,54
573,qm,19,9402,16.5,197
574,qm,19,9402,22.7,a
575,qm,19,9402,2.5,a
576,qm,19,9402,29.3,a
577,qm,19,9404,0.2,172
578,qm,19,9404,16.8,131
579,qm,19,9404,13.7,72
580,qm,19,9404,29.1,200
581,qm,19,9404,19.8,247
582,qm,20,9693,26.5,a
583,qm,20,9693,15.3,111
584,qm,20,9693,24.3,21
585,qm,20,9693,15.0,a
586,qm,20,9693,27.1,a
587,qm,20,9725,17.0,211
588,qm,20,9725,21.3,189
589,qm,20,9725,13.7,162
590,qm,20,9779,23.9,237
591,qm,20,9779,9.7,a
592,qm,20,9779,24.9,a
593,qm,20,9779,7.7,a
594,qm,20,9779,25.7,a
595,qm,20,9779,26.8,136
596,qm,20,9779,0.2,a
597,qm,20,9779,13.0,258
598,qm,20,108,26.3,174
599,qm,20,108,12.0,203
600,qm,20,1523,10.1,267
601,qm,20,1523,28.7,251
602,qm,20,1744,26.7,227
603,qm,21,179,5.9,285
604,qm,21,179,4.0,a
605,qm,21,179,18.3,a
606,qm,21,179,16.1,a
607,qm,21,180,7.1,a
608,qm,21,180,8.2,a
609,qm,21,180,21.3,a
610,qm,21,180,8.5,183
611,qm,21,180,27.4,208
612,qm,21,2152,20.9,a
613,qm,21,2152,19.6,116
614,qm,21,2152,1.4,a
615,qm,21,2152,8.2,a
616,qm,21,2152,5.3,a
617,qm,21,2152,19.5,a
618,qm,21,2383,3.2,220
619,qm,21,2383,19.5,275
620,qm,21,2383,24.1,a
621,qm,21,2383,0.2,75
622,qm,21,2383,12.3,218
623,qm,21,2383,14.9,224
624,qm,21,2383,9.9,172
625,qm,21,3173,18.0,241
626,qm,21,3173,5.8,155
627,qm,21,3173,19.3,79
628,qm,21,3173,0.3,a
629,qm,21,3173,11.4,121
630,qm,21,3173,8.1,196
631,qm,21,3173,21.6,150
632,qm,21,3173,1.7,9
633,qm,21,3173,21.1,a
634,qm,21,3173,4.3,1
635,qm,21,3390,23.6,173
636,qm,21,3390,4.8,a
637,qm,21,3390,28.0,177
638,qm,21,3390,0.8,a
639,qm,21,3390,18.1,a
640,qm,21,3390,2.6,a
641,qm,21,3390,10.7,a
642,qm,21,3390,24.9,272
643,qm,22,348,24.5,42
644,qm,22,348,19.2,a
645,qm,22,348,27.7,137
646,qm,22,348,19.3,132
647,qm,22,348,16.4,21
648,qm,22,348,13.7,117
649,qm,22,3627,29.0,208
650,qm,22,3627,23.7,159
651,qm,22,3627,10.7,237
652,qm,22,3932,4.6,a
653,qm,22,3932,8.4,286
654,qm,22,3932,2.8,214
655,qm,22,4206,29.3,224
656,qm,22,4206,22.3,198
657,qm,22,4206,25.1,a
658,qm,22,4206,29.2,31
659,qm,22,4206,4.9,55
660,qm,22,4206,5.4,a
661,qm,22,4206,28.2,a
662,qm,22,4206,15.3,a
663,qm,22,4388,8.5,131
664,qm,22,5410,15.2,a
665,qm,22,5410,3.2,a
666,qm,22,5410,21.4,169
667,qm,22,5410,12.8,104
668,qm,23,5557,18.4,a
669,qm,23,5557,19.9,61
670,qm,23,5557,5.8,180
671,qm,23,5557,6.6,108
672,qm,23,5557,4.6,259
673,qm,23,5557,20.0,253
674,qm,23,5557,19.9,41
675,qm,23,5557,24.6,13
676,qm,23,5557,10.2,133
677,qm,23,5842,9.4,162
678,qm,23,5842,19.8,a
679,qm,23,5842,5.3,a
680,qm,23,5842,17.9,a
681,qm,23,5842,2.5,a
682,qm,23,5842,29.9,a
683,qm,23,5842,27.3,a
684,qm,23,5842,8.9,a
685,qm,23,5872,7.3,195
686,qm,23,5872,17.0,a
687,qm,23,5872,2.6,a
688,qm,23,5872,20.6,a
689,qm,23,5872,6.8,a
690,qm,23,5872,23.6,a
691,qm,23,5872,7.9,a
692,qm,23,5872,6.5,a
693,qm,23,5872,27.5,a
694,qm,23,59,18.2,146
695,qm,23,59,25.5,32
696,qm,23,59,19.9,103
697,qm,23,59,11.6,222
698,qm,23,59,6.1,a
699,qm,23,59,6.8,a
700,qm,23,59,6.4,a
701,qm,23,59,11.8,a
702,qm,23,59,20.9,a
703,qm,23,59,17.6,a
704,qm,23,6300,2.3,144
705,qm,24,6317,22.3,a
706,qm,24,6317,21.3,a
707,qm,24,6317,21.6,108
708,qm,24,6317,15.8,a
709,qm,24,6317,29.0,a
710,qm,24,6317,21.6,213
711,qm,24,6317,9.3,253
712,qm,24,6317,25.4,180
713,qm,24,6317,26.2,a
714,qm,24,6317,29.2,a
715,qm,24,6686,6.4,188
716,qm,24,6686,10.4,a
717,qm,24,6686,4.1,a
718,qm,24,6686,14.8,38
719,qm,24,6686,15.7,a
720,qm,24,6686,21.9,a
721,qm,24,6686,26.2,21
722,qm,24,6686,4.3,204
723,qm,24,6686,26.0,a
724,qm,24,6686,4.3,a
725,qm,24,6743,28.2,a
726,qm,24,6743,24.7,a
727,qm,24,6743,1.4,21
728,qm,24,6743,28.8,a
729,qm,24,6743,5.8,a
730,qm,24,6743,4.2,a
731,qm,24,6743,3.4,a
732,qm,24,6743,19.3,a
733,qm,24,694,10.8,49
734,qm,24,694,0.5,58
735,qm,24,694,6.2,273
736,qm,24,694,29.0,11
737,qm,24,694,0.4,272
738,qm,24,694,2.7,202
739,qm,24,694,11.9,216
740,qm,24,744,25.9,105
741,qm,24,744,19.5,152
742,qm,24,744,10.2,171
743,qm,24,744,12.4,a
744,qm,24,744,6.0,126
745,qm,24,744,23.3,a
746,qm,24,744,13.0,81
747,qm,24,744,17.0,a
748,qm,24,744,16.0,a
749,qm,24,744,10.9,a
750,qm,24,7652,24.2,58
751,qm,24,7652,28.1,76
752,qm,25,806,4.5,41
753,qm,25,806,15.0,a
754,qm,25,8752,3.5,a
755,qm,25,8752,24.7,a
756,qm,25,8752,22.6,a
757,qm,25,8752,27.2,45
758,qm,25,8752,6.1,a
759,qm,25,8752,15.9,277
760,qm,25,8752,6.4,156
761,qm,25,8752,29.8,255
762,qm,25,8752,28.1,93
763,qm,25,8752,6.4,255
764,qm,25,8775,14.9,a
765,qm,25,8775,15.5,196
766,qm,25,8775,23.8,a
767,qm,25,8775,14.3,a
768,qm,25,8775,26.5,150
769,qm,25,8775,7.7,2
770,qm,25,8775,18.1,a
771,qm,25,8775,1.1,a
772,qm,25,8775,1.1,a
773,qm,25,8817,25.1,a
774,qm,25,8817,19.1,264
775,qm,25,8817,13.3,a
776,qm,25,8861,25.5,127
777,qm,25,8861,19.3,a
778,qm,25,8861,7.2,192
779,qm,25,8861,11.3,a
780,qm,25,8861,24.6,203
781,qm,25,8861,28.7,251
782,qm,25,8861,13.0,7
783,qm,26,9040,22.0,a
784,qm,26,9040,28.1,261
785,qm,26,9040,27.7,a
786,qm,26,9040,4.4,a
787,qm,26,9040,16.7,214
788,qm,26,9040,2.3,a
789,qm,26,9040,9.6,a
790,qm,26,9040,8.1,a
791,qm,26,9402,1.1,158
792,qm,26,9402,20.6,140
793,qm,26,9404,18.3,a
794,qm,26,9404,8.0,142
795,qm,26,9404,10.1,134
796,qm,26,9404,8.2,19
797,qm,26,9404,9.8,a
798,qm,26,9404,16.1,a
799,qm,26,9404,15.3,165
800,qm,26,9693,26.1,28
801,qm,26,9693,3.3,48
802,qm,26,9693,7.8,54
803,qm,26,9693,5.7,102
804,qm,26,9693,7.6,274
805,qm,26,9693,6.2,225
806,qm,26,9779,16.2,10
807,qm,27,108,1.6,a
808,qm,27,108,21.2,214
809,qm,27,1523,14.2,90
810,qm,27,1523,19.3,a
811,qm,27,1523,6.5,a
812,qm,27,1523,22.5,279
813,qm,27,1523,20.3,a
814,qm,27,1523,14.3,a
815,qm,27,1523,20.5,a
816,qm,27,1523,25.5,a
817,qm,27,179,1.6,a
818,qm,27,179,23.7,a
819,qm,27,179,18.9,5
820,qm,27,179,0.7,219
821,qm,27,179,11.8,227
822,qm,27,179,1.3,a
823,qm,27,179,12.3,a
824,qm,27,180,6.4,223
825,qm,27,180,10.7,a
826,qm,27,180,26.4,a
827,qm,27,180,28.3,a
828,qm,27,180,23.6,a
829,qm,27,180,3.3,a
830,qm,27,2152,10.8,a
831,qm,27,2152,18.2,53
832,qm,27,2152,26.5,a
833,qm,27,2152,9.8,225
834,qm,27,2152,26.1,6
835,qm,27,2152,25.8,225
836,qm,28,2383,8.0,117
837,qm,28,2383,0.1,a
838,qm,28,2383,23.2,119
839,qm,28,2383,15.4,a
840,qm,28,2383,4.1,142
841,qm,28,2383,2.1,12
842,qm,28,3173,3.2,a
843,qm,28,3173,0.6,a
844,qm,28,3173,1.8,a
845,qm,28,3173,18.3,a
846,qm,28,3173,16.9,238
847,qm,28,3173,29.3,67
848,qm,28,3173,13.1,a
849,qm,28,3173,28.2,a
850,qm,28,3173,22.1,a
851,qm,28,3390,21.0,a
852,qm,28,3390,29.0,132
853,qm,28,3390,18.1,142
854,qm,28,3390,20.5,a
855,qm,28,3390,5.1,137
856,qm,28,3390,1.4,a
857,qm,28,3390,21.6,a
858,qm,28,3390,6.6,a
859,qm,28,3390,2.5,a
860,qm,28,348,21.1,269
861,qm,28,348,29.2,101
862,qm,28,348,2.2,249
863,qm,28,348,16.2,a
864,qm,28,348,26.1,a
865,qm,28,348,18.5,a
866,qm,28,348,21.6,266
867,qm,28,348,12.7,5
868,qm,28,3627,0.7,76
869,qm,28,3627,23.3,a
870,qm,28,3627,6.7,a
871,qm,28,3627,22.6,129
872,qm,28,3627,29.1,128
873,qm,28,3627,10.6,a
874,qm,28,3627,26.6,a
875,qm,28,3627,22.7,a
876,qm,28,3627,23.4,a
877,qm,28,3627,19.2,a
878,qm,28,3932,26.6,a
879,qm,28,3932,21.4,a
880,qm,28,3932,26.7,1
881,qm,28,3932,26.8,105
882,qm,28,3932,1.8,a
883,qm,28,3932,23.3,124
884,qm,28,3932,28.8,244
885,qm,29,4206,3.0,133
886,qm,29,4206,20.8,a
887,qm,29,4206,26.8,39
888,qm,29,4206,24.5,158
889,qm,29,4206,8.5,a
890,qm,29,4206,5.1,a
891,qm,29,4206,28.0,a
892,qm,29,4206,17.4,a
893,qm,29,4388,3.7,283
894,qm,29,4388,2.8,113
895,qm,29,4388,25.0,a
896,qm,29,4388,16.1,204
897,qm,29,5410,10.5,89
898,qm,29,5410,15.6,a
899,qm,29,5410,25.7,a
900,qm,29,5410,6.9,a
901,qm,29,5410,12.7,a
902,qm,29,5472,28.3,a
903,qm,29,5472,26.9,a
904,qm,29,5472,3.6,201
905,qm,29,5472,17.9,34
906,qm,29,5472,19.2,131
907,qm,29,5472,24.9,58
908,qm,29,5557,12.2,a
909,qm,29,5557,19.6,243
910,qm,29,5557,8.6,a
911,qm,29,5557,4.3,267
912,qm,29,5557,0.4,201
913,qm,29,5557,10.5,248
914,qm,29,5842,10.0,a
915,qm,29,5842,4.8,192
916,qm,29,5842,25.7,101
917,qm,29,5842,28.1,a
918,qm,29,5842,10.0,202
919,qm,29,5842,12.1,a
920,qm,29,5842,28.5,a
921,qm,29,5842,18.9,a
922,qm,29,5842,26.1,a
923,qm,30,59,13.5,252
924,qm,30,59,0.1,209
925,qm,30,59,16.6,a
926,qm,30,59,7.8,212
927,qm,30,59,8.6,205
928,qm,30,59,19.3,257
929,qm,30,6300,20.7,a
930,qm,30,6300,15.8,a
931,qm,30,6300,22.2,a
932,qm,30,6300,16.0,a
933,qm,30,6300,4.4,a
934,qm,30,6300,13.0,236
935,qm,30,6300,13.4,a
936,qm,30,6300,9.7,a
937,qm,30,6317,20.3,a
938,qm,30,6317,23.8,198
939,qm,30,6317,11.3,147
940,qm,30,6317,30.0,216
941,qm,30,6317,22.6,198
942,qm,30,6317,9.3,54
943,qm,30,6317,17.4,0
944,qm,30,6317,22.0,3
945,qm,30,6317,3.2,74
946,qm,30,6686,22.4,251
947,qm,30,6686,20.8,267
948,qm,30,6743,29.7,266
949,qm,30,6743,23.4,222
950,qm,30,6743,15.6,10
951,qm,30,6743,7.0,105
952,qm,30,6743,14.2,0
953,qm,30,6743,29.7,246
954,qm,30,6743,3.3,171
955,qm,30,6743,2.5,145
956,qm,31,694,4.6,a
957,qm,31,694,18.8,a
958,qm,31,694,23.7,a
959,qm,31,694,8.3,263
960,qm,31,694,21.6,162
961,qm,31,694,6.4,71
962,qm,31,694,28.6,93
963,qm,31,694,26.4,71
964,qm,31,744,18.0,141
965,qm,31,744,22.4,254
966,qm,31,744,13.8,91
967,qm,31,744,14.1,213
968,qm,31,744,8.4,70
969,qm,31,744,18.2,234
970,qm,31,744,6.6,71
971,qm,31,744,3.1,60
972,qm,31,7652,2.7,a
973,qm,31,7652,3.9,162
974,qm,31,7652,13.4,a
975,qm,31,7652,9.0,a
976,qm,31,7833,22.2,168
977,qm,31,806,29.2,a
978,qm,31,806,15.7,200
979,qm,31,806,18.4,a
980,qm,31,806,9.7,a
981,qm,31,806,1.7,a
982,qm,31,806,7.2,a
983,qm,31,8752,12.4,174
984,qm,31,8752,17.6,56
985,qm,31,8752,27.8,2
986,qm,31,8752,12.0,9
987,qm,31,8752,13.8,202
988,qm,31,8752,4.9,33
989,qm,32,8775,7.8,239
990,qm,32,8775,10.1,a
991,qm,32,8775,16.9,60
992,qm,32,8775,19.8,a
993,qm,32,8817,24.0,281
994,qm,32,8817,15.0,16
995,qm,32,8817,20.2,186
996,qm,32,8861,25.2,a
997,qm,32,8861,17.2,280
998,qm,32,8861,9.3,a
999,qm,32,9040,3.7,a
1000,qm,32,9040,29.5,a
1001,qm,32,9040,1.4,a
1002,qm,32,9040,8.0,104
1003,qm,32,9040,20.3,a
1004,qm,32,9040,20.3,54
1005,qm,32,9040,15.0,54
1006,qm,32,9040,27.7,0
1007,qm,32,9040,13.7,6
1008,qm,32,9040,6.8,103
1009,qm,32,9402,16.9,106
1010,qm,32,9404,23.0,a
1011,qm,32,9404,24.7,244
1012,qm,32,9404,11.8,2
1013,qm,32,9404,10.4,271
1014,qm,32,9404,1.7,31
1015,qm,32,9404,20.7,30
1016,qm,32,9404,9.3,125
1017,qm,33,9693,9.7,65
1018,qm,33,9693,17.2,276
1019,qm,33,9693,9.1,90
1020,qm,33,9693,29.6,159
1021,qm,33,9725,17.2,166
1022,qm,33,9779,4.0,85
1023,qm,33,9779,29.0,a
1024,qm,33,9779,5.6,a
1025,qm,33,108,9.3,271
1026,qm,33,108,1.3,0
1027,qm,33,108,3.0,223
1028,qm,33,1523,2.2,98
1029,qm,33,1523,26.4,200
1030,qm,33,1523,20.4,120
1031,qm,33,1523,11.8,73
1032,qm,33,1523,3.2,24
1033,qm,33,1744,28.5,a
1034,qm,33,1744,24.7,226
1035,qm,33,1744,5.4,a
1036,qm,33,1744,16.3,a
1037,qm,33,1744,9.9,127
1038,qm,33,1744,28.6,243
1039,qm,33,1744,14.0,128
1040,qm,33,1744,24.0,246
1041,qm,33,1744,15.3,122
1042,qm,34,179,29.9,235
1043,qm,34,179,17.7,229
1044,qm,34,179,16.8,22
1045,qm,34,179,16.5,230
1046,qm,34,179,11.7,71
1047,qm,34,179,20.6,45
1048,qm,34,179,21.8,180
1049,qm,34,179,23.3,a
1050,qm,34,179,3.2,a
1051,qm,34,180,27.0,a
1052,qm,34,180,10.1,a
1053,qm,34,180,15.1,110
1054,qm,34,180,12.9,a
1055,qm,34,180,26.2,a
1056,qm,34,180,0.3,67
1057,qm,34,180,29.0,a
1058,qm,34,180,0.4,a
1059,qm,34,180,8.4,a
1060,qm,34,180,18.8,a
1061,qm,34,2152,25.9,256
1062,qm,34,2152,18.6,89
1063,qm,34,2152,17.8,285
1064,qm,34,2152,4.4,a
1065,qm,34,2152,24.7,39
1066,qm,34,2152,10.4,a
1067,qm,34,2152,18.6,a
1068,qm,34,2383,6.2,123
1069,qm,34,2383,10.4,155
1070,qm,34,2383,12.6,a
1071,qm,34,2383,8.8,51
1072,qm,34,2383,16.1,192
1073,qm,34,2383,23.6,198
1074,qm,34,2383,12.9,243
1075,qm,34,3173,3.9,221
1076,qm,34,3390,19.7,226
1077,qm,34,3390,27.9,a
1078,qm,34,3390,27.6,a
1079,qm,34,3390,11.2,173
1080,qm,34,3390,23.3,a
1081,qm,34,3390,19.6,a
1082,qm,34,3390,25.6,a
1083,qm,35,3932,18.4,15
1084,qm,35,3932,3.9,238
1085,qm,35,3932,12.8,261
1086,qm,35,3932,9.9,230
1087,qm,35,3932,11.7,287
1088,qm,35,3932,15.2,287
1089,qm,35,4206,11.1,a
1090,qm,35,4206,18.1,a
1091,qm,35,4206,12.1,240
1092,qm,35,4206,8.0,83
1093,qm,35,4206,26.7,a
1094,qm,35,4206,12.0,222
1095,qm,35,4206,22.8,172
1096,qm,35,4206,6.6,272
1097,qm,35,4206,24.9,245
1098,qm,35,4206,1.8,6
1099,qm,35,4388,15.3,270
1100,qm,35,4388,18.9,193
1101,qm,35,4388,5.2,246
1102,qm,35,4388,13.3,120
1103,qm,35,4388,3.5,248
1104,qm,35,5410,19.8,a
1105,qm,35,5410,18.6,a
1106,qm,35,5410,21.0,126
1107,qm,35,5410,0.5,a
1108,qm,36,5472,26.0,135
1109,qm,36,5472,14.8,93
1110,qm,36,5472,15.8,212
1111,qm,36,5557,2.8,a
1112,qm,36,5557,15.9,190
1113,qm,36,5557,26.1,277
1114,qm,36,5557,11.3,208
1115,qm,36,5557,3.3,162
1116,qm,36,5557,27.8,a
1117,qm,36,5557,21.3,a
1118,qm,36,5557,25.2,a
1119,qm,36,5557,22.3,70
1120,qm,36,5557,5.5,252
1121,qm,36,5842,15.2,262
1122,qm,36,5842,2.8,a
1123,qm,36,5842,27.0,278
1124,qm,36,5842,24.1,a
1125,qm,36,5842,15.6,a
1126,qm,36,5842,24.2,a
1127,qm,36,5842,11.5,a
1128,qm,36,5842,4.8,a
1129,qm,36,5842,23.9,a
1130,qm,36,5842,13.6,a
1131,qm,36,5872,14.7,a
1132,qm,36,5872,11.4,218
1133,qm,36,5872,8.8,a
1134,qm,36,59,5.5,153
1135,qm,36,59,22.1,a
1136,qm,36,59,16.7,a
1137,qm,36,6300,11.6,a
1138,qm,36,6300,14.3,175
1139,qm,37,6317,14.8,61
1140,qm,37,6317,9.7,134
1141,qm,37,6317,28.0,142
1142,qm,37,6317,0.6,157
1143,qm,37,6317,25.6,68
1144,qm,37,6317,16.6,22
1145,qm,37,6317,2.6,257
1146,qm,37,6317,20.0,142
1147,qm,37,6317,4.0,276
1148,qm,37,6686,9.3,210
1149,qm,37,6686,23.5,138
1150,qm,37,6743,21.9,a
1151,qm,37,6743,1.6,47
1152,qm,37,694,13.5,227
1153,qm,37,694,29.8,a
1154,qm,37,694,14.4,a
1155,qm,37,744,29.3,267
1156,qm,37,744,4.1,96
1157,qm,37,744,7.4,176
1158,qm,37,744,1.4,218
1159,qm,37,744,20.1,58
1160,qm,37,744,23.4,0
1161,qm,37,7652,3.4,7
1162,qm,37,7652,24.4,a
1163,qm,37,7652,5.5,6
1164,qm,38,7833,10.6,91
1165,qm,38,7833,4.9,162
1166,qm,38,7833,1.1,16
1167,qm,38,7833,29.5,182
1168,qm,38,7833,16.7,157
1169,qm,38,7833,17.1,20
1170,qm,38,8752,28.2,159
1171,qm,38,8752,26.3,231
1172,qm,38,8752,6.2,22
1173,qm,38,8752,29.9,236
1174,qm,38,8752,29.9,253
1175,qm,38,8752,1.9,257
1176,qm,38,8775,6.0,56
1177,qm,38,8817,15.5,a
1178,qm,38,8817,3.4,33
1179,qm,39,9040,11.2,62
1180,qm,39,9040,11.7,210
1181,qm,39,9040,24.9,185
1182,qm,39,9040,27.0,205
1183,qm,39,9040,7.9,138
1184,qm,39,9040,11.7,180
1185,qm,39,9040,21.9,237
1186,qm,39,9402,15.1,135
1187,qm,39,9402,4.3,94
1188,qm,39,9402,11.6,a
1189,qm,39,9404,18.6,a
1190,qm,39,9404,21.4,158
1191,qm,39,9404,29.7,a
1192,qm,39,9404,14.0,a
1193,qm,39,9404,15.4,a
1194,qm,39,9404,7.8,a
1195,qm,39,9404,25.6,a
1196,qm,39,9404,16.8,a
1197,qm,39,9404,9.9,234
1198,qm,39,9404,14.8,a
1199,qm,39,9693,6.3,222
1200,qm,39,9693,7.0,a
1201,qm,39,9693,11.2,a
1202,qm,39,9725,13.2,a
1203,qm,39,9725,1.6,a
1204,qm,39,9725,8.6,177
1205,qm,39,9779,13.1,29
1206,qm,39,9779,4.6,179
1207,qm,39,9779,8.9,130
1208,qm,39,9779,20.0,123
1209,qm,39,9779,4.0,35
1210,qm,39,9779,15.2,242
1211,qm,39,9779,28.6,124
1212,qm,39,9779,0.7,7
1213,qm,40,108,22.0,a
1214,qm,40,108,14.8,14
1215,qm,40,108,18.1,281
1216,qm,40,108,1.3,a
1217,qm,40,108,10.1,a
1218,qm,40,108,21.8,a
1219,qm,40,108,24.2,134
1220,qm,40,108,18.7,215
1221,qm,40,108,7.4,16
1222,qm,40,1523,15.9,a
1223,qm,40,1523,12.3,46
1224,qm,40,1523,27.8,40
1225,qm,40,1523,8.8,41
1226,qm,40,1523,16.6,a
1227,qm,40,1523,25.5,280
1228,qm,40,1523,17.3,66
1229,qm,40,1523,21.8,70
1230,qm,40,1523,26.2,68
1231,qm,40,1744,2.1,161
1232,qm,40,1744,10.7,a
1233,qm,40,1744,4.0,86
1234,qm,40,179,21.1,a
1235,qm,40,179,25.6,193
1236,qm,40,179,2.7,52
1237,qm,40,180,1.3,a
1238,qm,40,180,2.5,222
1239,qm,40,180,26.8,269
1240,qm,40,180,0.4,147
1241,qm,40,180,1.8,179
1242,qm,40,180,11.6,168
1243,qm,40,180,8.1,176
1244,qm,40,180,12.4,150
1245,qm,40,180,6.0,0
1246,qm,40,2152,5.9,224
1247,qm,40,2152,12.5,a
1248,qm,40,2152,17.9,267
1249,qm,40,2152,3.0,25
1250,qm,40,2152,9.2,198
1251,qm,40,2152,1.1,242
1252,qm,40,2152,9.1,59
1253,qm,40,2152,3.7,a
1254,qm,40,2152,19.3,a
1255,qm,40,2152,18.6,2
1256,qm,41,3173,16.8,189
1257,qm,41,3173,26.2,a
1258,qm,41,3173,21.2,140
1259,qm,41,3390,10.7,111
1260,qm,41,3390,25.1,110
1261,qm,41,3390,14.0,180
1262,qm,41,3390,8.9,a
1263,qm,41,3390,19.9,a
1264,qm,41,3627,7.5,a
1265,qm,41,3627,5.9,173
1266,qm,41,3627,5.9,74
1267,qm,41,3627,11.8,78
1268,qm,41,3627,19.2,125
1269,qm,41,3627,14.2,144
1270,qm,41,3932,15.6,195
1271,qm,41,3932,22.5,81
1272,qm,41,3932,23.9,127
1273,qm,41,3932,18.2,77
1274,qm,41,3932,15.0,a
1275,qm,41,3932,6.2,a
1276,qm,41,3932,9.7,a
1277,qm,41,3932,23.8,a
1278,qm,41,3932,25.9,a
1279,qm,42,4206,4.4,108
1280,qm,42,4206,16.8,132
1281,qm,42,4206,29.1,45
1282,qm,42,5410,28.7,84
1283,qm,42,5410,16.2,235
1284,qm,42,5472,20.9,a
1285,qm,42,5472,21.3,131
1286,qm,42,5472,21.6,76
1287,qm,42,5472,20.5,a
1288,qm,42,5557,18.4,a
1289,qm,42,5557,18.2,100
1290,qm,42,5557,22.8,a
1291,qm,42,5557,8.0,a
1292,qm,42,5557,29.3,a
1293,qm,42,5557,1.3,24
1294,qm,42,5557,14.5,a
1295,qm,42,5557,15.1,a
1296,qm,42,5557,10.6,a
1297,qm,42,5557,12.7,a
1298,qm,42,5842,14.0,a
1299,qm,42,5842,24.0,153
1300,qm,42,5842,3.6,a
1301,qm,42,5842,29.1,222
1302,qm,42,5842,8.6,122
1303,qm,43,5872,12.1,a
1304,qm,43,5872,25.3,262
1305,qm,43,5872,28.7,a
1306,qm,43,5872,8.8,a
1307,qm,43,5872,0.7,133
1308,qm,43,5872,0.5,a
1309,qm,43,5872,12.3,41
1310,qm,43,5872,20.3,115
1311,qm,43,59,3.8,a
1312,qm,43,59,21.1,112
1313,qm,43,59,3.7,234
1314,qm,43,59,6.0,a
1315,qm,43,59,12.3,a
1316,qm,43,59,12.7,205
1317,qm,43,59,15.3,116
1318,qm,43,59,27.6,a
1319,qm,43,59,13.0,229
1320,qm,43,59,26.2,186
1321,qm,43,6300,4.7,164
1322,qm,43,6300,9.7,71
1323,qm,43,6317,23.0,174
1324,qm,43,6317,14.3,a
1325,qm,43,6317,26.5,121
1326,qm,43,6317,3.7,170
1327,qm,43,6317,3.8,a
1328,qm,43,6317,29.5,245
1329,qm,43,6317,16.1,220
1330,qm,43,6317,0.9,123
1331,qm,43,6686,0.9,220
1332,qm,43,6686,23.7,35
1333,qm,43,6743,0.4,a
1334,qm,43,6743,25.8,a
1335,qm,43,6743,10.7,11
1336,qm,43,6743,1.5,a
1337,qm,43,6743,19.9,a
1338,qm,43,6743,24.9,a
1339,qm,43,6743,0.4,a
1340,qm,44,694,25.0,a
1341,qm,44,694,11.8,254
1342,qm,44,694,2.8,261
1343,qm,44,694,13.9,133
1344,qm,44,7652,11.5,212
1345,qm,44,7652,4.9,110
1346,qm,44,7833,23.3,51
1347,qm,44,7833,29.7,a
1348,qm,44,7833,15.9,249
1349,qm,44,7833,13.2,a
1350,qm,44,7833,19.3,a
1351,qm,44,7833,15.2,a
1352,qm,44,7833,15.4,a
1353,qm,44,7833,0.6,a
1354,qm,44,7833,9.1,a
1355,qm,44,806,24.9,a
1356,qm,44,806,13.8,250
1357,qm,44,806,13.7,a
1358,qm,44,806,8.8,a
1359,qm,44,806,19.3,a
1360,qm,44,8752,2.7,125
1361,qm,45,8775,2.7,90
1362,qm,45,8775,27.5,a
1363,qm,45,8775,14.1,a
1364,qm,45,8817,4.6,a
1365,qm,45,8817,11.6,206
1366,qm,45,8817,5.4,116
1367,qm,45,8817,10.2,191
1368,qm,45,8817,26.8,a
1369,qm,45,8817,22.0,a
1370,qm,45,8817,3.5,263
1371,qm,45,8817,6.4,262
1372,qm,45,8861,23.5,117
1373,qm,45,9040,1.2,227
1374,qm,45,9040,25.3,152
1375,qm,45,9040,15.7,55
1376,qm,45,9040,1.2,80
1377,qm,45,9040,5.7,11
1378,qm,45,9040,8.1,82
1379,qm,45,9040,25.6,54
1380,qm,45,9040,23.7,151
1381,qm,45,9040,26.2,216
1382,qm,45,9040,3.5,195
1383,qm,45,9404,20.6,126
1384,qm,45,9404,1.2,a
1385,qm,45,9404,5.7,57
1386,qm,45,9404,25.5,193
1387,qm,45,9404,5.6,a
1388,qm,45,9404,1.9,48
1389,qm,45,9404,6.2,222
1390,qm,45,9404,5.7,32
1391,qm,45,9404,2.1,220
1392,qm,46,9693,28.1,116
1393,qm,46,9693,3.4,93
1394,qm,46,9693,3.8,112
1395,qm,46,9693,12.8,283
1396,qm,46,9725,29.4,a
1397,qm,46,9725,16.7,277
1398,qm,46,108,12.2,125
1399,qm,46,108,4.0,a
1400,qm,46,108,27.8,28
1401,qm,46,108,15.7,177
1402,qm,46,108,25.9,107
1403,qm,46,108,11.3,174
1404,qm,46,1523,19.0,a
1405,qm,46,1523,15.5,a
1406,qm,46,1523,19.5,247
1407,qm,46,1523,27.6,a
1408,qm,46,1523,29.3,77
1409,qm,46,1523,8.3,251
1410,qm,46,1744,8.4,77
1411,qm,46,1744,23.7,a
1412,qm,46,1744,14.2,a
1413,qm,47,179,20.1,163
1414,qm,47,179,27.4,164
1415,qm,47,179,23.8,a
1416,qm,47,179,29.2,21
1417,qm,47,180,24.6,61
1418,qm,47,180,17.4,a
1419,qm,47,180,12.7,a
1420,qm,47,180,6.8,a
1421,qm,47,2152,25.6,113
1422,qm,47,2152,24.7,a
1423,qm,47,2383,20.3,1
1424,qm,47,2383,0.7,155
1425,qm,47,2383,7.1,a
1426,qm,47,2383,21.1,83
1427,qm,47,2383,10.6,a
1428,qm,47,2383,6.1,a
1429,qm,47,3173,15.7,a
1430,qm,47,3173,25.0,2
1431,qm,47,3173,26.9,a
1432,qm,47,3173,21.6,a
1433,qm,47,3173,17.3,a
1434,qm,47,3173,18.9,a
1435,qm,47,3173,0.6,a
1436,qm,47,3390,4.6,82
1437,qm,48,3627,29.7,88
1438,qm,48,3627,14.7,12
1439,qm,48,3627,7.1,a
1440,qm,48,3627,2.6,a
1441,qm,48,3932,22.2,a
1442,qm,48,3932,4.2,68
1443,qm,48,3932,27.4,a
1444,qm,48,3932,11.8,260
1445,qm,48,3932,14.9,a
1446,qm,48,3932,12.0,214
1447,qm,48,3932,6.8,a
1448,qm,48,4206,23.5,29
1449,qm,48,4206,25.9,199
1450,qm,48,4206,15.4,0
1451,qm,48,4388,19.8,58
1452,qm,48,4388,19.3,a
1453,qm,48,4388,28.0,153
1454,qm,48,5410,14.8,a
1455,qm,48,5410,4.6,72
1456,qm,48,5410,11.8,72
1457,qm,48,5410,22.3,a
1458,qm,48,5410,15.5,a
1459,qm,48,5410,26.1,a
1460,qm,48,5410,26.1,a
1461,qm,48,5410,17.0,a
1462,qm,49,5472,26.8,133
1463,qm,49,5557,27.6,85
1464,qm,49,5557,1.7,231
1465,qm,49,5557,12.0,a
1466,qm,49,5557,26.0,252
1467,qm,49,5557,25.8,a
1468,qm,49,5557,8.3,a
1469,qm,49,5557,3.7,a
1470,qm,49,5557,2.7,a
1471,qm,49,5557,15.0,a
1472,qm,49,5842,23.7,180
1473,qm,49,5872,4.7,78
1474,qm,49,5872,6.4,170
1475,qm,49,5872,10.3,a
1476,qm,49,5872,24.7,a
1477,qm,49,5872,6.2,a
1478,qm,49,5872,28.1,33
1479,qm,49,5872,3.1,123
1480,qm,49,5872,7.3,a
1481,qm,49,5872,7.1,146
1482,qm,49,5872,12.3,270
1483,qm,49,59,27.6,a
1484,qm,49,59,23.9,a
1485,qm,49,59,11.5,a
1486,qm,49,59,23.8,28
1487,qm,49,59,15.8,175
1488,qm,49,6300,14.7,152
1489,qm,50,6317,28.4,95
1490,qm,50,6686,4.4,22
1491,qm,50,6743,29.9,a
1492,qm,50,6743,23.8,a
1493,qm,50,6743,0.8,a
1494,qm,50,6743,25.4,205
1495,qm,50,6743,29.2,70
1496,qm,50,6743,1.0,277
1497,qm,50,6743,12.5,a
1498,qm,50,6743,13.1,a
1499,qm,50,6743,6.5,a
1500,qm,50,694,27.9,10
1501,qm,50,694,24.5,249
1502,qm,50,694,5.0,197
1503,qm,50,694,14.3,240
1504,qm,50,694,1.5,221
1505,qm,50,694,24.3,5
1506,qm,50,694,28.7,264
1507,qm,50,694,26.1,221
1508,qm,50,694,7.9,147
1509,qm,50,7652,16.5,201
1510,qm,50,7652,28.2,103
1511,qm,50,7652,29.5,170
1512,qm,50,7652,29.8,120
1513,qm,51,7833,27.3,138
1514,qm,51,7833,5.5,285
1515,qm,51,7833,16.7,a
1516,qm,51,7833,23.0,a
1517,qm,51,7833,27.6,a
1518,qm,51,806,13.3,a
1519,qm,51,806,12.9,112
1520,qm,51,806,29.0,71
1521,qm,51,806,25.6,252
1522,qm,51,806,10.5,180
1523,qm,51,806,2.1,206
1524,qm,51,806,29.3,208
1525,qm,51,806,22.2,211
1526,qm,51,806,1.0,206
1527,qm,51,8775,22.5,a
1528,qm,51,8775,13.2,a
1529,qm,51,8775,16.6,a
1530,qm,51,8775,3.9,98
1531,qm,51,8775,10.4,a
1532,qm,51,8775,7.5,50
1533,qm,51,8817,2.5,26
1534,qm,51,8817,11.1,251
1535,qm,51,8817,23.9,249
1536,qm,51,8817,19.9,178
1537,qm,51,8817,22.7,129
1538,qm,51,8817,26.5,270
1539,qm,51,8817,0.8,106
1540,qm,51,8861,20.0,a
1541,qm,51,8861,2.8,a
1542,qm,51,8861,24.1,a
1543,qm,51,8861,6.9,59
1544,qm,51,8861,6.7,33
1545,qm,51,8861,18.1,97
1546,qm,51,8861,16.5,174
1547,qm,51,8861,2.7,198
1548,qm,51,8861,17.1,5
1549,qm,52,9040,17.4,208
1550,qm,52,9040,1.9,a
1551,qm,52,9040,4.7,a
1552,qm,52,9040,2.8,a
1553,qm,52,9402,13.3,163
1554,qm,52,9402,12.4,69
1555,qm,52,9404,23.4,a
1556,qm,52,9404,12.4,a
1557,qm,52,9404,7.7,a
1558,qm,52,9404,19.9,a
1559,qm,52,9404,1.1,42
1560,qm,52,9404,0.9,210
1561,qm,52,9404,22.9,141
1562,qm,52,9404,3.7,63
1563,qm,52,9404,3.7,36
1564,qm,52,9404,23.4,190
1565,qm,52,9693,25.1,1
1566,qm,52,9693,4.9,a
1567,qm,52,9693,20.9,35
1568,qm,52,9693,13.5,218
1569,qm,52,9693,5.1,30
1570,qm,52,9693,12.2,a
1571,qm,52,9693,4.7,a
1572,qm,52,9693,0.3,83
1573,qm,52,9693,12.3,4
1574,qm,52,9725,15.3,a
1575,qm,52,9725,0.4,199
1576,qm,52,9725,29.3,a
1577,qm,52,9725,20.2,a
1578,qm,52,9725,15.8,a
1579,qm,52,9779,28.2,a
1580,qm,52,9779,8.8,146
1581,qm,52,9779,25.0,6
1582,qm,52,9779,0.8,148
1583,qm,52,9779,23.8,242
1584,qm,52,9779,2.1,175
1585,qm,53,108,28.8,a
1586,qm,53,108,17.3,182
1587,qm,53,108,3.8,66
1588,qm,53,108,20.3,235
1589,qm,53,108,29.8,208
1590,qm,53,108,8.4,281
1591,qm,53,108,26.1,277
1592,qm,53,108,3.5,137
1593,qm,53,108,6.3,280
1594,qm,53,1523,13.2,67
1595,qm,53,1523,29.6,91
1596,qm,53,1523,9.9,64
1597,qm,53,1523,25.0,a
1598,qm,53,1744,16.0,136
1599,qm,53,1744,3.5,a
1600,qm,53,1744,2.2,a
1601,qm,53,1744,6.5,a
1602,qm,53,179,19.1,175
1603,qm,53,179,25.2,195
1604,qm,53,179,12.0,274
1605,qm,53,179,15.6,1
1606,qm,53,179,29.6,221
1607,qm,53,179,9.1,11
1608,qm,53,180,13.3,a
1609,qm,53,180,26.5,97
1610,qm,53,180,11.6,4
1611,qm,53,180,25.1,9
1612,qm,53,180,23.7,217
1613,qm,53,180,25.0,129
1614,qm,53,180,17.9,251
1615,qm,53,180,11.3,226
1616,qm,54,3173,3.6,a
1617,qm,54,3173,4.9,a
1618,qm,54,3173,0.1,a
1619,qm,54,3173,19.6,257
1620,qm,54,3173,10.0,a
1621,qm,54,3173,7.3,a
1622,qm,54,3173,17.4,a
1623,qm,54,3173,12.4,a
1624,qm,54,3390,28.7,a
1625,qm,54,3390,8.4,44
1626,qm,54,3390,8.8,109
1627,qm,54,3390,29.9,a
1628,qm,54,3390,10.9,a
1629,qm,54,3390,25.7,a
1630,qm,54,3390,28.2,a
1631,qm,54,3390,20.6,a
1632,qm,54,3390,12.6,a
1633,qm,54,348,13.1,a
1634,qm,54,348,19.5,222
1635,qm,54,348,6.1,a
1636,qm,54,348,17.7,178
1637,qm,54,348,7.6,a
1638,qm,54,348,29.4,a
1639,qm,54,348,2.1,a
1640,qm,54,3627,4.2,144
1641,qm,54,3627,21.6,56
1642,qm,54,3627,9.1,264
1643,qm,54,3627,29.9,174
1644,qm,54,3627,26.0,270
1645,qm,54,3627,5.3,124
1646,qm,54,3627,27.4,a
1647,qm,54,3627,15.3,a
1648,qm,54,3932,0.2,a
1649,qm,54,3932,16.2,a
1650,qm,54,3932,2.7,a
1651,qm,54,3932,14.0,124
1652,qm,54,3932,8.0,77
1653,qm,54,3932,26.1,a
1654,qm,54,3932,4.3,a
1655,qm,54,3932,19.7,193
1656,qm,54,3932,19.7,217
1657,qm,55,4206,20.5,a
1658,qm,55,4206,25.2,137
1659,qm,55,4206,11.6,a
1660,qm,55,4206,29.2,282
1661,qm,55,4206,9.2,a
1662,qm,55,4206,25.7,a
1663,qm,55,4388,18.5,16
1664,qm,55,4388,24.3,a
1665,qm,55,4388,27.4,167
1666,qm,55,4388,27.8,a
1667,qm,55,4388,0.8,208
1668,qm,55,5410,10.1,a
1669,qm,55,5410,18.3,a
1670,qm,55,5410,3.6,157
1671,qm,55,5410,10.5,133
1672,qm,55,5410,19.8,39
1673,qm,55,5410,21.6,165
1674,qm,55,5410,27.4,39
1675,qm,55,5472,27.9,a
1676,qm,55,5472,1.4,100
1677,qm,55,5472,8.9,a
1678,qm,55,5472,3.9,221
1679,qm,55,5472,17.8,27
1680,qm,55,5557,6.2,197
1681,qm,55,5557,7.3,128
1682,qm,55,5557,25.3,80
1683,qm,55,5842,7.1,217
1684,qm,55,5842,4.0,126
1685,qm,55,5842,10.7,a
1686,qm,55,5842,21.7,a
1687,qm,55,5842,1.8,4
1688,qm,55,5842,8.9,a
1689,qm,56,5872,21.3,88
1690,qm,56,5872,24.9,a
1691,qm,56,5872,18.4,a
1692,qm,56,5872,18.5,a
1693,qm,56,59,25.3,a
1694,qm,56,59,3.6,a
1695,qm,56,59,26.5,236
1696,qm,56,59,27.1,160
1697,qm,56,59,12.6,a
1698,qm,56,59,24.0,92
1699,qm,56,59,18.2,162
1700,qm,56,59,19.9,285
1701,qm,56,59,22.7,135
1702,qm,56,6300,28.2,a
1703,qm,56,6300,9.7,a
1704,qm,56,6300,16.4,a
1705,qm,56,6300,13.7,164
1706,qm,56,6300,0.5,114
1707,qm,56,6300,23.9,259
1708,qm,56,6300,6.9,276
1709,qm,56,6317,0.3,a
1710,qm,56,6317,23.3,a
1711,qm,56,6317,0.4,80
1712,qm,56,6317,6.7,198
1713,qm,56,6317,16.5,216
1714,qm,56,6317,2.7,172
1715,qm,56,6317,20.6,73
1716,qm,56,6686,9.1,6
1717,qm,56,6686,9.5,0
1718,qm,56,6686,28.8,a
1719,qm,56,6686,19.2,a
1720,qm,56,6686,25.9,a
1721,qm,56,6743,27.7,105
1722,qm,56,6743,2.6,a
1723,qm,56,6743,15.8,a
1724,qm,56,6743,6.3,a
1725,qm,56,6743,16.1,195
1726,qm,56,6743,12.9,2
1727,qm,56,6743,13.5,97
1728,qm,56,6743,0.1,a
1729,qm,56,6743,20.9,a
1730,qm,56,6743,29.6,a
1731,qm,57,694,24.9,a
1732,qm,57,694,2.3,61
1733,qm,57,694,15.5,a
1734,qm,57,694,19.5,a
1735,qm,57,694,17.7,14
1736,qm,57,694,2.3,a
1737,qm,57,694,6.2,a
1738,qm,57,744,1.2,252
1739,qm,57,7652,9.0,a
1740,qm,57,7652,3.8,a
1741,qm,57,7652,28.4,71
1742,qm,57,7652,8.0,a
1743,qm,57,7652,26.3,a
1744,qm,57,7833,19.7,270
1745,qm,57,7833,1.7,178
1746,qm,57,7833,24.9,a
1747,qm,57,7833,13.8,a
1748,qm,57,806,2.6,a
1749,qm,57,806,1.8,103
1750,qm,57,806,7.5,145
1751,qm,57,806,21.9,123
1752,qm,57,806,28.9,170
1753,qm,57,8752,13.0,7
1754,qm,57,8752,17.7,11
1755,qm,57,8752,17.8,a
1756,qm,57,8752,23.8,a
1757,qm,58,8775,28.5,19
1758,qm,58,8817,22.1,a
1759,qm,58,8817,5.8,135
1760,qm,58,8817,0.9,258
1761,qm,58,8861,11.9,239
1762,qm,58,8861,13.9,41
1763,qm,58,8861,22.4,70
1764,qm,58,8861,3.2,157
1765,qm,58,8861,11.2,12
1766,qm,58,8861,22.5,a
1767,qm,58,8861,20.0,286
1768,qm,58,8861,29.4,67
1769,qm,58,8861,10.2,259
1770,qm,58,8861,26.6,63
1771,qm,58,9040,13.9,176
1772,qm,58,9040,3.6,a
1773,qm,58,9040,29.6,a
1774,qm,58,9040,11.9,76
1775,qm,58,9040,0.2,127
1776,qm,58,9040,27.1,270
1777,qm,58,9040,29.1,a
1778,qm,58,9040,17.4,a
1779,qm,58,9040,4.4,146
1780,qm,58,9404,20.5,52
1781,qm,58,9404,1.5,75
1782,qm,58,9404,10.8,52
1783,qm,59,9693,6.9,165
1784,qm,59,9693,28.5,258
1785,qm,59,9693,20.3,229
1786,qm,59,9693,5.2,a
1787,qm,59,9693,0.3,a
1788,qm,59,9725,13.3,118
1789,qm,59,9725,29.0,a
1790,qm,59,9725,14.3,a
1791,qm,59,9779,6.4,a
1792,qm,59,9779,20.9,a
1793,qm,59,9779,24.8,a
1794,qm,59,9779,2.3,a
1795,qm,59,9779,1.3,a
1796,qm,59,9779,3.8,a
1797,qm,59,9779,28.6,20
1798,qm,59,108,11.1,226
1799,qm,59,108,11.4,a
1800,qm,59,108,0.9,82
1801,qm,59,108,19.2,a
1802,qm,59,108,23.9,a
1803,qm,59,108,21.8,149
1804,qm,59,108,16.9,34
1805,qm,59,108,14.6,102
1806,qm,59,1523,24.8,54
1807,qm,59,1523,27.6,a
1808,qm,59,1523,17.9,a
1809,qm,59,1523,23.8,a
1810,qm,60,179,27.6,41
1811,qm,60,179,0.0,a
1812,qm,60,179,25.8,a
1813,qm,60,179,23.4,a
1814,qm,60,179,27.6,a
1815,qm,60,179,5.0,36
1816,qm,60,179,19.7,36
1817,qm,60,179,5.6,276
1818,qm,60,180,20.5,a
1819,qm,60,180,28.4,232
1820,qm,60,180,13.8,a
1821,qm,60,180,18.8,a
1822,qm,60,180,13.2,a
1823,qm,60,180,16.6,133
1824,qm,60,180,15.8,86
1825,qm,60,180,5.3,256
1826,qm,60,180,8.9,71
1827,qm,60,2152,20.7,114
1828,qm,60,2152,8.9,a
1829,qm,60,2152,11.5,a
1830,qm,60,2383,16.8,a
1831,qm,60,2383,21.3,a
1832,qm,60,2383,5.0,a
1833,qm,60,2383,29.6,202
1834,qm,60,2383,21.9,a
1835,qm,60,2383,11.8,56
1836,qm,60,2383,24.5,a
1837,qm,60,2383,1.9,a
1838,qm,60,3173,24.5,a
1839,qm,60,3173,18.4,a
1840,qm,60,3173,24.0,56
1841,qm,60,3390,6.5,170
1842,qm,60,3390,24.7,56
1843,qm,61,348,18.7,139
1844,qm,61,348,13.2,a
1845,qm,61,4206,2.3,179
1846,qm,61,4206,11.5,101
1847,qm,61,4388,18.9,81
1848,qm,61,4388,2.4,a
1849,qm,61,4388,28.8,a
1850,qm,61,4388,27.7,a
1851,qm,61,4388,11.6,a
1852,qm,61,4388,27.6,a
1853,qm,61,4388,22.2,a
1854,qm,61,4388,9.6,a
1855,qm,61,4388,19.2,a
1856,qm,61,5410,15.1,175
1857,qm,61,5410,12.1,202
1858,qm,61,5410,25.4,34
1859,qm,61,5410,9.3,243
1860,qm,61,5410,8.4,218
1861,qm,61,5410,16.6,251
1862,qm,61,5410,3.7,75
1863,qm,62,5472,24.9,180
1864,qm,62,5472,11.7,a
1865,qm,62,5472,19.6,a
1866,qm,62,5472,8.9,a
1867,qm,62,5557,3.8,66
1868,qm,62,5557,0.0,a
1869,qm,62,5557,19.4,162
1870,qm,62,5557,26.6,230
1871,qm,62,5842,17.2,233
1872,qm,62,5842,4.0,259
1873,qm,62,5842,15.5,94
1874,qm,62,5842,26.7,188
1875,qm,62,5842,19.1,182
1876,qm,62,5842,25.2,214
1877,qm,62,5842,13.2,13
1878,qm,62,5842,9.0,14
1879,qm,62,5842,21.1,94
1880,qm,62,5872,20.4,a
1881,qm,62,5872,29.8,a
1882,qm,62,5872,14.5,a
1883,qm,62,5872,6.3,a
1884,qm,62,5872,17.2,a
1885,qm,62,5872,6.4,106
1886,qm,62,5872,6.2,a
1887,qm,62,5872,4.1,a
1888,qm,62,5872,3.0,32
1889,qm,62,5872,13.0,a
1890,qm,62,59,6.7,a
1891,qm,62,59,14.5,54
1892,qm,62,59,18.8,a
1893,qm,62,59,14.5,a
1894,qm,62,59,11.6,a
1895,qm,62,59,22.2,178
1896,qm,62,6300,17.1,a
1897,qm,62,6300,22.7,a
1898,qm,62,6300,27.3,26
1899,qm,62,6300,5.5,a
1900,qm,62,6300,27.3,a
1901,qm,62,6300,0.8,0
1902,qm,62,6300,29.5,a
1903,qm,62,6300,7.8,a
1904,qm,63,6317,2.4,252
1905,qm,63,6317,7.5,a
1906,qm,63,6317,21.1,a
1907,qm,63,6317,27.8,a
1908,qm,63,6317,26.2,a
1909,qm,63,6317,13.4,a
1910,qm,63,6317,24.5,a
1911,qm,63,6317,20.9,a
1912,qm,63,6686,25.5,a
1913,qm,63,6686,5.4,a
1914,qm,63,6686,14.1,117
1915,qm,63,6686,23.1,a
1916,qm,63,6686,16.7,a
1917,qm,63,6686,11.8,230
1918,qm,63,6686,9.9,262
1919,qm,63,6686,29.8,a
1920,qm,63,6743,11.2,142
1921,qm,63,6743,23.6,a
1922,qm,63,694,21.6,147
1923,qm,63,694,27.6,4
1924,qm,63,694,10.8,a
1925,qm,63,694,9.2,a
1926,qm,63,694,3.3,125
1927,qm,63,694,18.7,268
1928,qm,63,694,26.4,221
1929,qm,63,694,11.6,97
1930,qm,63,694,6.5,101
1931,qm,63,694,19.8,31
1932,qm,63,744,13.5,221
1933,qm,63,744,0.2,a
1934,qm,63,744,12.3,246
1935,qm,63,744,10.6,57
1936,qm,63,744,9.2,a
1937,qm,63,744,20.6,2
1938,qm,63,744,29.8,270
1939,qm,63,744,1.4,a
1940,qm,63,744,1.1,a
1941,qm,63,7652,3.3,201
1942,qm,63,7652,18.8,a
1943,qm,63,7652,4.4,a
1944,qm,63,7652,12.6,a
1945,qm,63,7652,8.3,a
1946,qm,64,7833,17.1,232
1947,qm,64,7833,9.1,206
1948,qm,64,7833,27.9,285
1949,qm,64,7833,29.4,230
1950,qm,64,7833,20.3,92
1951,qm,64,8752,19.3,252
1952,qm,64,8752,15.4,157
1953,qm,64,8752,13.3,285
1954,qm,64,8752,29.6,a
1955,qm,64,8752,7.3,117
1956,qm,64,8775,11.2,28
1957,qm,64,8775,28.9,26
1958,qm,64,8775,6.0,264
1959,qm,64,8775,7.8,a
1960,qm,64,8775,27.0,31
1961,qm,64,8817,11.6,11
1962,qm,64,8861,26.3,271
1963,qm,64,8861,4.5,a
1964,qm,64,8861,24.5,a
1965,qm,64,8861,4.7,a
1966,qm,64,8861,20.8,a
1967,qm,64,8861,18.8,a
1968,qm,64,8861,26.9,a
1969,qm,64,8861,10.2,a
1970,qm,65,9040,0.5,206
1971,qm,65,9040,1.5,95
1972,qm,65,9040,0.2,a
1973,qm,65,9040,21.0,a
1974,qm,65,9040,27.1,a
1975,qm,65,9040,4.1,a
1976,qm,65,9040,8.7,a
1977,qm,65,9040,9.1,a
1978,qm,65,9040,18.5,a
1979,qm,65,9040,25.4,a
1980,qm,65,9402,27.0,a
1981,qm,65,9402,16.1,113
1982,qm,65,9402,14.0,277
1983,qm,65,9402,26.8,a
1984,qm,65,9402,5.8,a
1985,qm,65,9402,25.5,a
1986,qm,65,9402,16.0,a
1987,qm,65,9402,2.7,a
1988,qm,65,9402,9.4,a
1989,qm,65,9402,7.1,a
1990,qm,65,9404,23.1,212
1991,qm,65,9404,5.1,181
1992,qm,65,9693,3.2,202
1993,qm,65,9693,12.3,a
1994,qm,65,9693,17.2,a
1995,qm,65,9693,24.1,a
1996,qm,65,9693,20.5,170
1997,qm,65,9693,4.7,a
1998,qm,65,9693,9.8,150
1999,qm,65,9693,23.3,265
2000,qm,65,9693,1.5,201
2001,qm,65,9725,21.2,a
2002,qm,65,9725,19.6,199
2003,qm,65,9725,29.1,a
2004,qm,65,9725,3.6,a
2005,qm,65,9725,4.4,151
2006,qm,65,9779,16.5,144
2007,qm,65,9779,8.0,173
2008,qm,65,9779,8.3,a
2009,qm,65,9779,14.7,124
2010,qm,65,9779,0.8,50
2011,qm,65,9779,1.3,a
2012,qm,65,9779,28.4,a
2013,qm,65,9779,11.2,a
2014,qm,65,9779,12.7,243
2015,qm,66,1523,25.3,258
2016,qm,66,1523,7.8,a
2017,qm,66,1523,9.7,71
2018,qm,66,1523,15.9,a
2019,qm,66,1523,24.0,a
2020,qm,66,1523,20.0,a
2021,qm,66,1523,26.8,a
2022,qm,66,1523,18.6,65
2023,qm,66,1523,17.0,254
2024,qm,66,1523,6.5,17
2025,qm,66,1744,15.9,161
2026,qm,66,1744,7.3,108
2027,qm,66,1744,29.7,67
2028,qm,66,1744,26.9,92
2029,qm,66,1744,11.4,119
2030,qm,66,179,29.6,26
2031,qm,66,179,24.8,8
2032,qm,66,179,11.1,198
2033,qm,66,179,29.2,202
2034,qm,66,179,4.3,29
2035,qm,66,179,9.0,245
2036,qm,66,179,7.1,54
2037,qm,66,180,11.3,58
2038,qm,66,180,10.0,a
2039,qm,66,180,22.9,a
2040,qm,66,2152,0.2,247
2041,qm,66,2152,15.4,170
2042,qm,66,2152,18.9,a
2043,qm,66,2152,14.5,145
2044,qm,66,2152,9.8,79
2045,qm,66,2152,20.1,169
2046,qm,66,2152,3.8,240
2047,qm,67,2383,16.7,18
2048,qm,67,2383,28.5,207
2049,qm,67,2383,29.1,187
2050,qm,67,2383,24.3,12
2051,qm,67,2383,1.6,17
2052,qm,67,2383,3.8,230
2053,qm,67,2383,4.9,157
2054,qm,67,2383,19.0,12
2055,qm,67,2383,25.3,62
2056,qm,67,3173,3.3,69
2057,qm,67,3173,24.4,a
2058,qm,67,3173,25.4,256
2059,qm,67,3173,22.3,a
2060,qm,67,3173,6.5,a
2061,qm,67,3173,17.0,a
2062,qm,67,3390,19.7,a
2063,qm,67,3390,19.9,a
2064,qm,67,3390,24.4,212
2065,qm,67,3390,25.1,92
2066,qm,67,3390,11.4,a
2067,qm,67,3390,4.4,a
2068,qm,67,3390,6.2,a
2069,qm,67,348,29.6,150
2070,qm,67,3932,9.1,80
2071,qm,67,3932,3.5,30
2072,qm,67,3932,14.7,a
2073,qm,67,3932,3.4,a
2074,qm,67,3932,5.6,124
2075,qm,67,3932,27.6,a
2076,qm,67,3932,18.3,199
2077,qm,68,4206,28.6,a
2078,qm,68,4206,22.8,235
2079,qm,68,4206,10.6,39
2080,qm,68,4206,13.3,65
2081,qm,68,4206,19.0,89
2082,qm,68,4206,21.5,119
2083,qm,68,4206,0.1,165
2084,qm,68,4206,11.5,134
2085,qm,68,4206,27.1,86
2086,qm,68,4206,11.5,282
2087,qm,68,4388,22.7,215
2088,qm,68,4388,10.1,a
2089,qm,68,4388,20.2,a
2090,qm,68,5410,1.2,228
2091,qm,68,5842,15.2,a
2092,qm,68,5842,27.0,a
2093,qm,68,5842,29.7,a
2094,qm,68,5842,15.5,82
2095,qm,68,5842,3.1,217
2096,qm,68,5842,21.5,272
2097,qm,69,5872,18.5,a
2098,qm,69,5872,0.1,253
2099,qm,69,59,21.4,119
2100,qm,69,6300,25.6,138
2101,qm,69,6300,8.7,115
2102,qm,69,6300,12.5,206
2103,qm,69,6300,4.3,204
2104,qm,69,6300,0.9,23
2105,qm,69,6317,6.1,266
2106,qm,69,6317,15.7,a
2107,qm,69,6317,29.2,a
2108,qm,69,6317,20.8,2
2109,qm,69,6317,22.8,a
2110,qm,69,6317,13.3,a
2111,qm,69,6317,15.4,a
2112,qm,69,6686,2.7,a
2113,qm,69,6686,11.5,a
2114,qm,69,6686,28.4,75
2115,qm,69,6686,15.6,106
2116,qm,69,6743,15.0,a
2117,qm,69,6743,11.8,a
2118,qm,69,6743,25.3,171
2119,qm,69,6743,27.2,194
2120,qm,69,6743,7.2,a
2121,qm,69,6743,13.0,a
2122,qm,69,6743,24.9,a
2123,qm,69,6743,18.1,a
2124,qm,70,694,7.5,281
2125,qm,70,694,14.0,136
2126,qm,70,694,22.3,a
2127,qm,70,744,22.9,46
2128,qm,70,7652,25.8,a
2129,qm,70,7652,20.5,a
2130,qm,70,7652,7.1,a
2131,qm,70,7652,18.3,a
2132,qm,70,7652,28.0,158
2133,qm,70,7652,13.3,238
2134,qm,70,7652,4.2,17
2135,qm,70,7833,22.1,56
2136,qm,70,7833,24.3,54
2137,qm,70,7833,19.1,a
2138,qm,70,7833,16.0,223
2139,qm,70,7833,19.9,154
2140,qm,70,7833,2.4,27
2141,qm,70,7833,6.4,124
2142,qm,70,7833,0.9,a
2143,qm,70,7833,28.0,178
2144,qm,70,7833,22.7,a
2145,qm,70,806,8.6,a
2146,qm,70,806,6.5,a
2147,qm,70,806,11.9,172
2148,qm,70,806,4.4,171
2149,qm,70,806,3.7,52
2150,qm,70,806,16.7,178
2151,qm,70,806,15.5,78
2152,qm,70,806,9.4,275
2153,qm,70,806,8.1,179
2154,qm,70,806,16.1,4
2155,qm,70,8752,18.1,a
2156,qm,70,8752,0.3,a
2157,qm,70,8752,20.7,11
2158,qm,70,8752,10.1,201
2159,qm,70,8752,11.0,98
2160,qm,71,8775,10.0,237
2161,qm,71,8775,21.5,a
2162,qm,71,8775,29.8,23
2163,qm,71,8775,6.6,62
2164,qm,71,8775,28.9,12
2165,qm,71,8775,0.7,157
2166,qm,71,8775,1.0,110
2167,qm,71,8775,8.0,164
2168,qm,71,8775,25.1,40
2169,qm,71,8817,6.6,a
2170,qm,71,8817,1.7,14
2171,qm,71,8817,17.8,94
2172,qm,71,8861,22.2,256
2173,qm,71,8861,23.0,a
2174,qm,71,8861,15.5,285
2175,qm,71,8861,2.0,256
2176,qm,71,9040,4.3,a
2177,qm,71,9040,17.2,247
2178,qm,71,9040,29.8,52
2179,qm,71,9040,21.4,4
2180,qm,71,9040,2.2,269
2181,qm,71,9040,0.7,128
2182,qm,71,9040,14.5,49
2183,qm,71,9040,24.1,272
2184,qm,71,9040,25.9,193
2185,qm,71,9402,8.0,a
2186,qm,71,9402,20.2,a
2187,qm,71,9402,6.4,75
2188,qm,71,9402,11.4,a
2189,qm,71,9402,18.7,a
2190,qm,71,9402,0.6,a
2191,qm,71,9402,18.8,a
2192,qm,71,9402,9.6,a
2193,qm,71,9404,6.6,9
2194,qm,71,9404,6.6,a
2195,qm,71,9404,7.1,244
2196,qm,71,9404,27.7,a
2197,qm,71,9404,8.6,a
2198,qm,72,9693,4.7,a
2199,qm,72,9693,14.9,167
2200,qm,72,9693,0.2,255
2201,qm,72,9693,2.2,a
2202,qm,72,9693,12.6,230
2203,qm,72,9725,3.3,a
2204,qm,72,9725,2.2,228
2205,qm,72,9725,8.8,140
2206,qm,72,9725,8.9,a
2207,qm,72,9725,19.7,a
2208,qm,72,9725,2.2,a
2209,qm,72,9779,22.1,215
2210,qm,72,9779,29.7,a
2211,qm,72,108,12.2,a
2212,qm,72,108,25.0,7
2213,qm,72,108,21.7,266
2214,qm,72,108,11.2,58
2215,qm,72,108,23.7,a
2216,qm,72,108,3.3,a
2217,qm,72,108,13.6,a
2218,qm,72,108,20.6,a
2219,qm,72,108,20.4,a
2220,qm,72,1523,28.6,274
2221,qm,72,1523,3.3,216
2222,qm,72,1523,26.8,247
2223,qm,72,1523,22.6,271
2224,qm,72,1523,11.5,169
2225,qm,72,1523,28.6,148
2226,qm,72,1523,3.7,11
2227,qm,72,1744,2.9,a
2228,qm,72,1744,6.3,100
2229,qm,72,1744,2.2,a
2230,qm,72,1744,10.7,a
2231,qm,72,1744,3.0,a
2232,qm,72,1744,9.7,a
2233,qm,73,179,20.6,a
2234,qm,73,179,10.4,a
2235,qm,73,179,15.7,261
2236,qm,73,180,15.4,a
2237,qm,73,180,6.1,84
2238,qm,73,180,24.1,159
2239,qm,73,2152,25.5,a
2240,qm,73,2152,1.8,254
2241,qm,73,2152,4.5,141
2242,qm,73,2152,26.6,61
2243,qm,73,2152,13.5,40
2244,qm,73,2152,15.9,84
2245,qm,73,2383,18.5,273
2246,qm,73,2383,6.1,218
2247,qm,73,3173,7.2,a
2248,qm,73,3173,17.4,77
2249,qm,73,3173,5.0,55
2250,qm,73,3173,27.8,150
2251,qm,73,3173,27.9,104
2252,qm,73,3173,24.8,97
2253,qm,73,3173,27.3,247
2254,qm,73,3173,13.4,a
2255,qm,73,3390,22.3,267
2256,qm,73,3390,8.6,149
2257,qm,73,3390,10.5,198
2258,qm,73,3390,19.6,271
2259,qm,73,3390,0.8,a
2260,qm,73,3390,3.8,a
2261,qm,73,3390,19.2,a
2262,qm,73,3390,13.9,a
2263,qm,74,348,20.9,85
2264,qm,74,348,6.3,a
2265,qm,74,3627,12.5,253
2266,qm,74,3627,0.8,279
2267,qm,74,3627,27.6,118
2268,qm,74,3627,3.4,232
2269,qm,74,3627,9.0,68
2270,qm,74,3627,17.0,138
2271,qm,74,3627,24.3,61
2272,qm,74,3627,27.8,39
2273,qm,74,3627,7.0,71
2274,qm,74,3932,20.1,a
2275,qm,74,3932,29.9,a
2276,qm,74,3932,23.7,215
2277,qm,74,3932,5.2,a
2278,qm,74,3932,26.8,21
2279,qm,74,3932,19.2,46
2280,qm,74,4206,20.6,29
2281,qm,74,4206,1.4,a
2282,qm,74,4206,13.0,196
2283,qm,74,4206,27.1,53
2284,qm,74,4388,27.9,a
2285,qm,74,4388,8.8,a
2286,qm,74,4388,15.8,123
2287,qm,74,4388,14.5,a
2288,qm,74,4388,15.9,a
2289,qm,74,4388,26.9,a
2290,qm,74,5410,4.7,179
2291,qm,74,5410,27.4,104
2292,qm,74,5410,10.8,271
2293,qm,74,5410,16.5,266
2294,qm,74,5410,16.1,34
2295,qm,74,5410,21.3,a
2296,qm,75,5472,15.5,a
2297,qm,75,5472,24.0,210
2298,qm,75,5472,14.7,a
2299,qm,75,5472,26.9,a
2300,qm,75,5472,20.2,a
2301,qm,75,5557,20.7,258
2302,qm,75,5557,26.4,a
2303,qm,75,5557,14.6,159
2304,qm,75,5557,27.6,69
2305,qm,75,5557,16.9,a
2306,qm,75,5557,26.3,a
2307,qm,75,5557,26.2,a
2308,qm,75,5557,10.9,a
2309,qm,75,5842,22.9,a
2310,qm,75,5842,8.0,137
2311,qm,75,5842,12.9,277
2312,qm,75,5842,16.1,134
2313,qm,75,5842,11.4,20
2314,qm,75,5872,13.1,274
2315,qm,75,5872,25.1,249
2316,qm,75,59,6.1,269
2317,qm,75,59,14.5,196
2318,qm,75,59,16.2,a
2319,qm,75,6300,18.8,a
2320,qm,75,6300,14.2,98
2321,qm,75,6300,12.0,247
2322,qm,76,6317,12.5,190
2323,qm,76,6317,3.8,137
2324,qm,76,6317,1.6,254
2325,qm,76,6317,2.9,156
2326,qm,76,6317,13.3,110
2327,qm,76,6317,13.5,276
2328,qm,76,6317,18.3,229
2329,qm,76,6317,5.1,159
2330,qm,76,6317,7.2,15
2331,qm,76,6686,2.4,65
2332,qm,76,6686,10.2,164
2333,qm,76,6686,7.8,a
2334,qm,76,6686,11.0,a
2335,qm,76,6686,5.1,a
2336,qm,76,6686,10.4,a
2337,qm,76,6743,23.6,a
2338,qm,76,6743,13.4,a
2339,qm,76,6743,20.8,234
2340,qm,76,6743,23.5,208
2341,qm,76,6743,9.4,a
2342,qm,76,6743,16.4,210
2343,qm,76,6743,24.2,112
2344,qm,76,6743,8.8,236
2345,qm,76,6743,10.5,260
2346,qm,76,694,27.0,174
2347,qm,76,694,29.7,a
2348,qm,76,694,15.4,a
2349,qm,76,744,2.6,200
2350,qm,76,744,17.6,a
2351,qm,76,744,7.7,55
2352,qm,76,744,10.8,144
2353,qm,76,744,4.9,101
2354,qm,76,744,23.5,173
2355,qm,76,744,1.5,28
2356,qm,76,744,18.5,28
2357,qm,76,7652,27.2,168
2358,qm,76,7652,20.7,a
2359,qm,77,7833,8.1,63
2360,qm,77,7833,27.4,a
2361,qm,77,7833,8.7,a
2362,qm,77,7833,5.4,228
2363,qm,77,806,25.5,a
2364,qm,77,806,20.5,a
2365,qm,77,806,23.6,88
2366,qm,77,806,18.3,a
2367,qm,77,806,23.5,160
2368,qm,77,806,18.6,20
2369,qm,77,806,28.4,a
2370,qm,77,8752,18.3,180
2371,qm,77,8752,27.6,252
2372,qm,77,8752,23.9,15
2373,qm,77,8752,20.4,232
2374,qm,77,8752,24.2,a
2375,qm,77,8752,7.3,95
2376,qm,77,8752,24.9,137
2377,qm,77,8775,25.0,174
2378,qm,77,8775,27.2,100
2379,qm,77,8775,3.7,34
2380,qm,77,8775,0.9,240
2381,qm,77,8775,2.6,193
2382,qm,77,8817,21.7,24
2383,qm,77,8817,7.7,a
2384,qm,77,8817,24.1,a
2385,qm,77,8861,5.4,31
2386,qm,77,8861,25.9,107
2387,qm,78,9040,14.7,117
2388,qm,78,9040,28.9,a
2389,qm,78,9040,10.8,a
2390,qm,78,9040,1.2,47
2391,qm,78,9040,20.3,a
2392,qm,78,9040,27.6,a
2393,qm,78,9040,16.8,a
2394,qm,78,9040,15.9,a
2395,qm,78,9402,26.8,156
2396,qm,78,9693,12.5,148
2397,qm,78,9693,7.1,81
2398,qm,78,9693,10.4,a
2399,qm,78,9693,8.0,a
2400,qm,78,9693,18.4,a
2401,qm,78,9693,25.2,a
2402,qm,78,9725,19.0,174
2403,qm,78,9779,19.7,96
2404,qm,79,108,6.4,278
2405,qm,79,1523,20.8,134
2406,qm,79,1523,9.2,281
2407,qm,79,1523,16.6,210
2408,qm,79,1523,7.8,231
2409,qm,79,1744,4.9,a
2410,qm,79,1744,20.1,22
2411,qm,79,1744,26.5,258
2412,qm,79,1744,23.9,86
2413,qm,79,1744,22.4,a
2414,qm,79,1744,23.9,281
2415,qm,79,1744,10.6,235
2416,qm,79,1744,28.3,231
2417,qm,79,1744,2.6,280
2418,qm,79,179,17.5,106
2419,qm,79,179,27.1,78
2420,qm,79,179,14.2,a
2421,qm,79,179,19.9,127
2422,qm,79,179,21.5,123
2423,qm,79,179,27.4,a
2424,qm,79,179,26.9,a
2425,qm,79,179,12.5,a
2426,qm,79,179,11.7,a
2427,qm,79,180,25.0,54
2428,qm,79,180,5.4,125
2429,qm,79,180,6.3,243
2430,qm,79,180,27.8,175
2431,qm,79,180,23.2,197
2432,qm,79,180,0.9,30
2433,qm,79,180,6.2,268
2434,qm,80,2383,4.2,a
2435,qm,80,2383,14.5,162
2436,qm,80,2383,12.1,137
2437,qm,80,3173,15.6,285
2438,qm,80,3173,10.0,a
2439,qm,80,3173,4.0,a
2440,qm,80,3173,15.0,231
2441,qm,80,3173,18.1,a
2442,qm,80,3173,13.0,a
2443,qm,80,3173,24.3,a
2444,qm,80,3173,29.7,a
2445,qm,80,3173,8.8,a
2446,qm,80,3173,9.8,a
2447,qm,80,3390,19.2,a
2448,qm,80,3390,20.3,61
2449,qm,80,348,14.4,124
2450,qm,80,3627,28.3,34
2451,qm,80,3627,20.9,5
2452,qm,80,3627,14.0,a
2453,qm,80,3627,20.6,a
2454,qm,80,3932,12.0,197
2455,qm,80,3932,9.9,a
2456,qm,80,3932,29.4,a
2457,qm,80,3932,9.9,a
2458,qm,80,3932,7.0,a
2459,qm,80,3932,26.8,a
2460,qm,80,3932,0.1,a
2461,qm,80,3932,24.4,a
2462,qm,81,4206,19.2,278
2463,qm,81,4206,22.7,186
2464,qm,81,4206,11.9,44
2465,qm,81,4206,15.4,111
2466,qm,81,4388,29.8,209
2467,qm,81,4388,12.7,262
2468,qm,81,4388,29.6,66
2469,qm,81,5410,27.4,118
2470,qm,81,5410,15.6,181
2471,qm,81,5410,12.1,a
2472,qm,81,5410,28.1,260
2473,qm,81,5410,9.3,a
2474,qm,81,5410,9.5,a
2475,qm,81,5410,2.3,a
2476,qm,81,5410,0.3,a
2477,qm,81,5410,7.3,a
2478,qm,81,5472,13.5,a
2479,qm,81,5472,4.2,77
2480,qm,81,5472,19.9,154
2481,qm,81,5472,5.5,124
2482,qm,81,5472,18.0,150
2483,qm,81,5472,14.4,171
2484,qm,81,5472,18.6,244
2485,qm,81,5472,14.5,245
2486,qm,81,5472,8.2,27
2487,qm,81,5557,12.4,275
2488,qm,81,5557,15.0,249
2489,qm,81,5557,6.0,196
2490,qm,81,5557,24.3,a
2491,qm,81,5557,19.8,a
2492,qm,81,5557,15.0,a
2493,qm,81,5557,9.8,a
2494,qm,81,5557,25.0,a
2495,qm,81,5557,27.9,a
2496,qm,81,5557,7.2,a
2497,qm,81,5842,22.7,50
2498,qm,81,5842,28.7,174
2499,qm,81,5842,15.8,54
2500,qm,81,5842,2.3,a
2501,qm,81,5842,18.2,a
2502,qm,81,5842,20.0,246
2503,qm,81,5842,4.0,275
2504,qm,81,5842,6.3,53
2505,qm,81,5842,27.4,200
2506,qm,81,5842,11.8,103
2507,qm,82,5872,27.3,208
2508,qm,82,59,13.6,209
2509,qm,82,59,4.5,234
2510,qm,82,59,17.6,95
2511,qm,82,59,9.2,183
2512,qm,82,6300,5.8,279
2513,qm,82,6300,15.9,182
2514,qm,82,6300,6.0,207
2515,qm,82,6300,18.1,68
2516,qm,82,6317,21.7,222
2517,qm,82,6317,24.3,a
2518,qm,82,6317,15.9,a
2519,qm,82,6317,28.8,270
2520,qm,82,6317,23.0,59
2521,qm,82,6317,14.8,146
2522,qm,82,6317,4.3,2
2523,qm,82,6317,20.2,a
2524,qm,82,6686,10.3,a
2525,qm,82,6686,23.5,a
2526,qm,82,6686,6.3,a
2527,qm,82,6686,30.0,a
2528,qm,82,6686,2.8,123
2529,qm,82,6743,21.9,121
2530,qm,82,6743,20.0,48
2531,qm,83,694,15.0,17
2532,qm,83,694,26.5,a
2533,qm,83,694,15.8,a
2534,qm,83,694,0.2,21
2535,qm,83,694,17.5,90
2536,qm,83,694,19.0,70
2537,qm,83,694,6.6,61
2538,qm,83,694,22.0,a
2539,qm,83,744,23.1,89
2540,qm,83,744,16.9,a
2541,qm,83,744,16.5,a
2542,qm,83,744,22.8,a
2543,qm,83,744,18.7,a
2544,qm,83,744,2.2,a
2545,qm,83,744,13.3,a
2546,qm,83,744,18.4,a
2547,qm,83,744,14.4,a
2548,qm,83,7833,7.1,121
2549,qm,83,7833,30.0,a
2550,qm,83,7833,29.1,a
2551,qm,83,7833,9.9,a
2552,qm,83,7833,9.4,a
2553,qm,83,806,5.9,30
2554,qm,83,806,24.7,129
2555,qm,83,8752,19.0,222
2556,qm,83,8752,8.2,147
2557,qm,84,8775,26.8,a
2558,qm,84,8775,0.6,a
2559,qm,84,8775,13.2,231
2560,qm,84,8775,22.0,a
2561,qm,84,8775,3.8,232
2562,qm,84,8775,3.8,a
2563,qm,84,8775,10.6,261
2564,qm,84,8775,0.2,a
2565,qm,84,8775,3.2,a
2566,qm,84,8775,10.5,166
2567,qm,84,8817,3.0,a
2568,qm,84,8817,10.8,23
2569,qm,84,8817,23.5,163
2570,qm,84,8817,24.6,66
2571,qm,84,8817,23.5,230
2572,qm,84,8817,2.3,13
2573,qm,84,8861,4.2,259
2574,qm,84,8861,29.2,44
2575,qm,84,8861,19.7,283
2576,qm,84,8861,28.2,a
2577,qm,84,8861,4.3,a
2578,qm,84,8861,24.6,239
2579,qm,84,8861,12.1,a
2580,qm,84,8861,13.8,a
2581,qm,84,8861,0.6,238
2582,qm,84,9040,9.5,a
2583,qm,84,9040,6.7,a
2584,qm,84,9040,13.9,272
2585,qm,84,9402,5.2,275
2586,qm,84,9402,1.0,223
2587,qm,84,9402,12.9,203
2588,qm,84,9402,15.9,a
2589,qm,84,9402,28.4,a
2590,qm,84,9402,8.9,177
2591,qm,84,9404,12.8,100
2592,qm,84,9404,20.7,172
2593,qm,84,9404,3.5,a
2594,qm,84,9404,14.4,a
2595,qm,84,9404,7.6,a
2596,qm,85,9693,8.1,165
2597,qm,85,9725,8.4,15
2598,qm,85,9725,21.5,a
2599,qm,85,9725,4.3,71
2600,qm,85,9725,5.9,a
2601,qm,85,9725,26.7,a
2602,qm,85,9725,11.1,a
2603,qm,85,9779,16.1,90
2604,qm,85,9779,24.5,a
2605,qm,85,9779,4.4,a
2606,qm,85,9779,0.1,a
2607,qm,85,9779,11.7,a
2608,qm,85,9779,11.8,a
2609,qm,85,9779,23.1,a
2610,qm,85,9779,3.8,a
2611,qm,85,108,10.0,a
2612,qm,85,108,1.8,a
2613,qm,85,108,28.9,9
2614,qm,85,108,2.0,6
2615,qm,85,1523,1.4,a
2616,qm,85,1523,1.7,250
2617,qm,85,1523,18.5,a
2618,qm,85,1523,7.8,a
2619,qm,85,1523,21.7,a
2620,qm,85,1523,28.7,a
2621,qm,85,1523,19.1,a
2622,qm,86,179,29.5,183
2623,qm,86,179,13.6,187
2624,qm,86,179,2.1,a
2625,qm,86,179,1.6,a
2626,qm,86,179,7.8,280
2627,qm,86,179,18.5,a
2628,qm,86,179,18.2,a
2629,qm,86,179,22.4,a
2630,qm,86,179,10.4,a
2631,qm,86,180,26.8,71
2632,qm,86,180,18.3,21
2633,qm,86,180,16.4,182
2634,qm,86,180,14.4,68
2635,qm,86,180,9.5,38
2636,qm,86,180,27.9,280
2637,qm,86,2152,23.7,a
2638,qm,86,2152,15.6,66
2639,qm,86,2152,16.3,a
2640,qm,86,2152,25.2,85
2641,qm,86,2152,25.6,a
2642,qm,86,2152,6.0,a
2643,qm,86,2152,2.9,a
2644,qm,86,2152,25.7,a
2645,qm,86,2152,7.3,a
2646,qm,86,2152,0.6,a
2647,qm,86,3173,2.0,125
2648,qm,86,3173,26.3,105
2649,qm,86,3390,22.6,192
2650,qm,86,3390,18.0,173
2651,qm,86,3390,15.7,195
2652,qm,87,348,3.0,94
2653,qm,87,348,14.0,a
2654,qm,87,3627,27.8,277
2655,qm,87,3627,10.5,a
2656,qm,87,3627,4.1,62
2657,qm,87,3627,7.1,208
2658,qm,87,3627,29.2,a
2659,qm,87,3627,14.4,a
2660,qm,87,3627,19.0,a
2661,qm,87,3627,21.4,38
2662,qm,87,4206,12.1,271
2663,qm,87,4206,11.9,103
2664,qm,87,4206,2.1,24
2665,qm,87,4206,14.5,a
2666,qm,87,4206,0.2,a
2667,qm,87,4206,12.9,a
2668,qm,87,4206,12.5,173
2669,qm,87,4206,11.8,152
2670,qm,87,4206,28.7,270
2671,qm,87,4206,4.0,24
2672,qm,87,4388,14.8,a
2673,qm,87,4388,23.9,202
2674,qm,87,4388,28.0,a
2675,qm,87,4388,26.3,a
2676,qm,87,4388,8.3,274
2677,qm,87,4388,10.3,127
2678,qm,87,4388,29.9,124
2679,qm,87,4388,18.8,10
2680,qm,87,5410,11.0,179
2681,qm,88,5472,1.6,38
2682,qm,88,5472,15.5,a
2683,qm,88,5472,3.0,a
2684,qm,88,5472,18.9,284
2685,qm,88,5472,5.4,a
2686,qm,88,5472,28.2,260
2687,qm,88,5472,2.5,a
2688,qm,88,5472,3.7,65
2689,qm,88,5472,10.6,a
2690,qm,88,5557,9.5,a
2691,qm,88,5557,8.8,182
2692,qm,88,5557,19.5,a
2693,qm,88,5557,14.1,191
2694,qm,88,5557,5.0,182
2695,qm,88,5842,4.4,23
2696,qm,88,5842,11.3,90
2697,qm,88,5842,3.5,258
2698,qm,88,5842,14.1,118
2699,qm,88,59,3.3,59
2700,qm,88,59,27.0,a
2701,qm,88,59,21.3,222
2702,qm,88,59,21.9,123
2703,qm,88,6300,26.8,a
2704,qm,88,6300,25.3,83
2705,qm,88,6300,27.6,5
2706,qm,88,6300,21.9,49
2707,qm,88,6300,19.6,223
2708,qm,89,6317,24.4,209
2709,qm,89,6317,25.5,a
2710,qm,89,6317,6.3,a
2711,qm,89,6317,17.3,a
2712,qm,89,6317,13.1,a
2713,qm,89,6317,16.0,a
2714,qm,89,6317,18.8,a
2715,qm,89,6686,22.5,47
2716,qm,89,6743,14.4,a
2717,qm,89,6743,19.5,43
2718,qm,89,6743,20.2,a
2719,qm,89,6743,13.6,12
2720,qm,89,6743,0.7,212
2721,qm,89,6743,13.5,209
2722,qm,89,6743,28.0,182
2723,qm,89,6743,16.1,63
2724,qm,89,744,18.4,196
2725,qm,89,744,10.6,178
2726,qm,89,744,17.8,a
2727,qm,89,744,27.4,147
2728,qm,89,744,8.2,155
2729,qm,89,744,16.6,51
2730,qm,89,744,9.5,129
2731,qm,89,744,0.4,217
2732,qm,89,7652,16.8,a
2733,qm,89,7652,26.0,a
2734,qm,89,7652,0.6,a
2735,qm,89,7652,25.6,a
2736,qm,89,7652,17.9,155
2737,qm,89,7652,8.8,27
2738,qm,89,7652,22.4,170
2739,qm,90,7833,13.2,a
2740,qm,90,7833,25.5,a
2741,qm,90,7833,22.5,20
2742,qm,90,7833,18.3,67
2743,qm,90,806,12.5,190
2744,qm,90,8752,22.4,109
2745,qm,90,8752,19.3,a
2746,qm,90,8752,7.5,86
2747,qm,90,8817,19.2,a
2748,qm,90,8817,9.5,169
2749,qm,90,8817,26.0,a
2750,qm,90,8817,19.2,a
2751,qm,90,8817,29.9,a
2752,qm,90,8817,11.3,a
2753,qm,90,8817,28.6,a
2754,qm,90,8817,9.0,a
2755,qm,90,8817,4.1,a
2756,qm,90,8817,3.1,a
2757,qm,90,8861,28.2,273
2758,qm,91,9040,19.6,a
2759,qm,91,9040,2.5,214
2760,qm,91,9040,17.3,17
2761,qm,91,9040,27.6,a
2762,qm,91,9040,8.7,a
2763,qm,91,9404,11.4,235
2764,qm,91,9693,15.4,54
2765,qm,91,9725,11.5,155
2766,qm,91,9725,10.0,145
2767,qm,91,9779,6.3,147
2768,qm,91,9779,1.6,54
2769,qm,91,9779,12.7,174
2770,qm,91,9779,15.8,a
2771,qm,91,9779,0.6,53
2772,qm,91,9779,10.8,128
2773,qm,91,9779,7.2,155
2774,qm,92,108,28.2,a
2775,qm,92,108,2.3,66
2776,qm,92,108,19.2,68
2777,qm,92,1523,7.8,64
2778,qm,92,1523,11.9,162
2779,qm,92,1523,24.3,a
2780,qm,92,1744,20.1,a
2781,qm,92,1744,6.2,a
2782,qm,92,1744,27.8,a
2783,qm,92,1744,28.1,44
2784,qm,92,1744,29.7,a
2785,qm,92,1744,16.3,a
2786,qm,92,1744,2.3,45
2787,qm,92,180,21.6,a
2788,qm,92,180,5.1,271
2789,qm,92,180,25.5,a
2790,qm,92,180,12.9,178
2791,qm,92,180,0.0,a
2792,qm,92,2152,26.1,221
2793,qm,92,2152,2.9,a
2794,qm,92,2152,20.4,176
2795,qm,92,2152,5.4,a
2796,qm,93,2383,28.9,37
2797,qm,93,2383,3.6,255
2798,qm,93,2383,8.0,211
2799,qm,93,2383,25.2,189
2800,qm,93,2383,22.0,204
2801,qm,93,3173,2.4,108
2802,qm,93,3390,20.3,65
2803,qm,93,3390,7.8,262
2804,qm,93,3390,9.3,17
2805,qm,93,3390,2.0,211
2806,qm,93,348,4.7,a
2807,qm,93,348,4.5,274
2808,qm,93,348,17.1,76
2809,qm,93,348,3.6,a
2810,qm,93,348,3.0,a
2811,qm,93,3627,20.4,243
2812,qm,93,3627,7.7,a
2813,qm,94,4388,29.2,a
2814,qm,94,4388,1.8,12
2815,qm,94,4388,13.9,210
2816,qm,94,4388,10.6,a
2817,qm,94,4388,15.2,a
2818,qm,94,4388,28.5,a
2819,qm,94,4388,19.3,210
2820,qm,94,4388,26.0,a
2821,qm,94,5410,8.2,114
2822,qm,94,5472,20.8,75
2823,qm,94,5472,29.0,79
2824,qm,94,5472,13.3,99
2825,qm,94,5472,29.0,a
2826,qm,94,5472,17.3,a
2827,qm,94,5557,28.8,a
2828,qm,94,5557,23.7,a
2829,qm,94,5557,27.2,a
2830,qm,94,5557,20.0,a
2831,qm,94,5557,17.8,130
2832,qm,94,5557,4.9,26
2833,qm,94,5842,17.7,247
2834,qm,94,5842,5.9,103
2835,qm,94,5842,26.2,a
2836,qm,94,5842,1.8,a
2837,qm,94,5842,6.6,155
2838,qm,94,5842,29.0,247
2839,qm,94,5842,27.4,a
2840,qm,94,5842,6.0,a
2841,qm,95,6300,8.6,a
2842,qm,95,6300,11.1,257
2843,qm,95,6300,17.6,234
2844,qm,95,6300,20.8,a
2845,qm,95,6300,6.4,a
2846,qm,95,6300,5.1,a
2847,qm,95,6300,18.1,a
2848,qm,95,6300,21.0,a
2849,qm,95,6300,0.0,a
2850,qm,95,6300,26.1,a
2851,qm,95,6317,20.7,a
2852,qm,95,6317,2.9,a
2853,qm,95,6317,26.3,26
2854,qm,95,6317,10.0,125
2855,qm,95,6317,17.5,171
2856,qm,95,6317,24.3,9
2857,qm,95,6317,1.0,78
2858,qm,95,6317,27.3,271
2859,qm,95,6317,8.9,155
2860,qm,95,6317,25.4,173
2861,qm,95,6686,26.2,171
2862,qm,95,6686,4.6,a
2863,qm,95,6686,0.8,a
2864,qm,95,6686,20.9,a
2865,qm,95,6686,18.1,a
2866,qm,95,6686,3.9,a
2867,qm,95,6686,12.0,a
2868,qm,95,6686,28.8,a
2869,qm,95,6686,1.3,a
2870,qm,95,6743,16.1,126
2871,qm,95,6743,3.7,a
2872,qm,95,6743,24.1,a
2873,qm,95,6743,25.1,a
2874,qm,96,694,4.4,262
2875,qm,96,744,11.4,132
2876,qm,96,7652,28.4,277
2877,qm,96,7652,15.2,a
2878,qm,96,7652,25.0,a
2879,qm,96,7833,6.0,a
2880,qm,96,7833,26.4,a
2881,qm,96,7833,28.5,74
2882,qm,96,7833,9.1,248
2883,qm,96,7833,5.5,59
2884,qm,96,7833,29.6,34
2885,qm,96,7833,26.4,227
2886,qm,96,806,9.1,225
2887,qm,96,806,3.3,a
2888,qm,96,8752,28.1,a
2889,qm,96,8752,6.9,251
2890,qm,96,8752,25.6,a
2891,qm,96,8752,22.3,a
2892,qm,96,8752,5.6,a
2893,qm,96,8752,17.9,a
2894,qm,96,8752,27.3,a
2895,qm,96,8752,17.6,a
2896,qm,96,8752,9.4,a
2897,qm,97,8775,1.2,a
2898,qm,97,8775,24.8,a
2899,qm,97,8775,16.5,184
2900,qm,97,8775,25.3,a
2901,qm,97,8775,2.1,a
2902,qm,97,8775,12.9,a
2903,qm,97,8775,13.4,a
2904,qm,97,8775,22.0,a
2905,qm,97,8775,16.4,a
2906,qm,97,8817,2.9,160
2907,qm,97,8817,23.7,254
2908,qm,97,8817,14.6,22
2909,qm,97,8817,24.0,135
2910,qm,97,8817,7.7,262
2911,qm,97,8817,24.7,276
2912,qm,97,8817,2.8,259
2913,qm,97,8817,29.6,136
2914,qm,97,8817,0.5,41
2915,qm,97,8817,10.3,37
2916,qm,97,8861,8.1,a
2917,qm,97,8861,11.3,a
2918,qm,97,8861,21.8,a
2919,qm,97,8861,9.4,287
2920,qm,97,8861,26.9,a
2921,qm,97,8861,9.5,238
2922,qm,97,8861,5.0,a
2923,qm,97,8861,12.5,a
2924,qm,97,8861,24.4,a
2925,qm,97,9040,18.6,25
2926,qm,97,9404,17.7,270
2927,qm,97,9404,5.1,a
2928,qm,97,9404,19.3,269
2929,qm,98,9693,8.6,61
2930,qm,98,9693,26.2,a
2931,qm,98,9693,21.3,a
2932,qm,98,9693,28.6,255
2933,qm,98,9693,2.0,a
2934,qm,98,9693,16.6,a
2935,qm,98,9725,25.9,92
2936,qm,98,9725,16.4,a
2937,qm,98,9725,26.1,a
2938,qm,98,9725,2.1,a
2939,qm,98,108,10.3,a
2940,qm,98,108,25.1,216
2941,qm,98,108,6.7,a
2942,qm,98,108,22.1,a
2943,qm,98,108,10.2,a
2944,qm,98,108,29.6,a
2945,qm,98,108,26.1,a
2946,qm,98,108,22.7,a
2947,qm,98,1523,4.5,197
2948,qm,98,1523,12.0,a
2949,qm,98,1523,6.0,a
2950,qm,98,1523,1.2,178
2951,qm,98,1523,7.2,a
2952,qm,98,1523,28.8,127
2953,qm,98,1523,23.3,99
2954,qm,98,1523,7.0,121
2955,qm,98,1523,15.3,4
2956,qm,98,1523,13.8,52
2957,qm,98,1744,15.0,53
2958,qm,98,1744,17.4,6
2959,qm,98,1744,30.0,a
2960,qm,98,1744,0.9,251
2961,qm,98,1744,23.8,a
2962,qm,98,1744,26.5,a
2963,qm,99,179,13.0,214
2964,qm,99,179,10.8,94
2965,qm,99,180,12.6,69
2966,qm,99,180,13.8,a
2967,qm,99,180,16.4,a
2968,qm,99,180,11.8,a
2969,qm,99,180,27.7,a
2970,qm,99,2152,1.3,17
2971,qm,99,2152,29.2,a
2972,qm,99,2152,4.0,a
2973,qm,99,2383,7.9,171
2974,qm,99,2383,25.7,201
2975,qm,99,3173,23.5,176
2976,qm,99,3173,13.2,1
2977,qm,99,3173,17.0,a
2978,qm,99,3173,2.7,221
2979,qm,99,3173,2.5,194
2980,qm,99,3390,17.3,271
2981,qm,99,3390,18.3,223
2982,qm,100,3627,27.7,a
2983,qm,100,3627,0.9,261
2984,qm,100,3627,27.1,a
2985,qm,100,3627,4.3,a
2986,qm,100,3627,23.7,a
2987,qm,100,3627,29.2,a
2988,qm,100,3627,26.0,a
2989,qm,100,3932,17.5,236
2990,qm,100,3932,13.3,a
2991,qm,100,3932,14.5,a
2992,qm,100,3932,1.2,a
2993,qm,100,3932,9.3,a
2994,qm,100,4206,6.9,4
2995,qm,100,4206,3.3,a
2996,qm,100,4206,21.1,a
2997,qm,100,4206,1.9,a
2998,qm,100,4206,4.6,a
2999,qm,100,4206,6.7,a
3000,qm,100,4388,7.4,194
3001,qm,100,4388,29.9,267
3002,qm,100,4388,5.1,a
3003,qm,100,4388,22.7,122
3004,qm,100,4388,21.1,a
3005,qm,100,4388,28.2,102
3006,qm,100,5410,24.5,270
3007,qm,100,5410,4.6,a
3008,qm,100,5410,0.9,153
3009,qm,100,5410,23.9,a
3010,qm,100,5410,10.1,122
3011,qm,100,5410,9.4,265
3012,qm,100,5410,12.5,226
