ID,Match Level,Match #,Team #,Teleop Miss Location
3013,qm,1,108,280
3014,qm,1,108,185
3015,qm,1,108,133
3016,qm,1,108,14
3017,qm,1,108,158
3018,qm,1,108,284
3019,qm,1,108,133
3020,qm,1,108,61
3021,qm,1,108,158
3022,qm,1,108,39
3023,qm,1,1523,71
3024,qm,1,1523,255
3025,qm,1,1523,20
3026,qm,1,1523,118
3027,qm,1,1523,87
3028,qm,1,1523,280
3029,qm,1,1523,137
3030,qm,1,1523,23
3031,qm,1,1523,229
3032,qm,1,1523,85
3033,qm,1,1744,138
3034,qm,1,1744,16
3035,qm,1,1744,114
3036,qm,1,179,150
3037,qm,1,180,222
3038,qm,1,180,81
3039,qm,1,180,129
3040,qm,1,2152,76
3041,qm,1,2152,245
3042,qm,1,2152,217
3043,qm,1,2152,2
3044,qm,1,2152,48
3045,qm,1,2152,128
3046,qm,2,2383,281
3047,qm,2,2383,205
3048,qm,2,3173,47
3049,qm,2,3173,186
3050,qm,2,3173,163
3051,qm,2,3173,94
3052,qm,2,3173,209
3053,qm,2,3173,284
3054,qm,2,3173,113
3055,qm,2,3390,180
3056,qm,2,3390,236
3057,qm,2,348,149
3058,qm,2,348,129
3059,qm,2,348,151
3060,qm,2,348,76
3061,qm,2,348,131
3062,qm,2,348,53
3063,qm,2,348,130
3064,qm,2,3932,48
3065,qm,2,3932,27
3066,qm,2,3932,199
3067,qm,2,3932,242
3068,qm,2,3932,120
3069,qm,3,4206,44
3070,qm,3,4206,137
3071,qm,3,4206,13
3072,qm,3,4206,277
3073,qm,3,4206,161
3074,qm,3,5410,17
3075,qm,3,5410,66
3076,qm,3,5410,89
3077,qm,3,5472,151
3078,qm,3,5472,202
3079,qm,3,5472,81
3080,qm,3,5472,2
3081,qm,3,5472,125
3082,qm,3,5472,52
3083,qm,3,5472,218
3084,qm,3,5557,267
3085,qm,3,5557,126
3086,qm,3,5557,100
3087,qm,3,5557,223
3088,qm,3,5557,56
3089,qm,3,5557,176
3090,qm,3,5557,222
3091,qm,3,5557,57
3092,qm,3,5842,0
3093,qm,3,5842,192
3094,qm,3,5842,7
3095,qm,4,5872,118
3096,qm,4,59,191
3097,qm,4,59,19
3098,qm,4,6300,92
3099,qm,4,6300,161
3100,qm,4,6300,162
3101,qm,4,6300,190
3102,qm,4,6300,85
3103,qm,4,6300,108
3104,qm,4,6300,210
3105,qm,4,6300,209
3106,qm,4,6300,66
3107,qm,4,6317,102
3108,qm,4,6317,222
3109,qm,4,6317,175
3110,qm,4,6686,34
3111,qm,4,6686,174
3112,qm,4,6686,224
3113,qm,4,6743,100
3114,qm,4,6743,1
3115,qm,5,694,157
3116,qm,5,694,229
3117,qm,5,694,279
3118,qm,5,694,166
3119,qm,5,694,254
3120,qm,5,694,204
3121,qm,5,694,67
3122,qm,5,694,136
3123,qm,5,694,207
3124,qm,5,694,93
3125,qm,5,744,62
3126,qm,5,7652,261
3127,qm,5,7652,255
3128,qm,5,7833,131
3129,qm,5,7833,176
3130,qm,5,7833,74
3131,qm,5,7833,240
3132,qm,5,7833,193
3133,qm,5,7833,1
3134,qm,5,7833,51
3135,qm,5,7833,57
3136,qm,5,7833,55
3137,qm,5,7833,179
3138,qm,5,806,179
3139,qm,5,806,224
3140,qm,5,806,8
3141,qm,5,806,219
3142,qm,5,806,1
3143,qm,5,806,30
3144,qm,5,806,125
3145,qm,5,806,273
3146,qm,5,806,77
3147,qm,5,806,48
3148,qm,5,8752,121
3149,qm,6,8817,38
3150,qm,6,8817,17
3151,qm,6,8817,252
3152,qm,6,8861,252
3153,qm,6,8861,206
3154,qm,6,8861,38
3155,qm,6,8861,91
3156,qm,6,9040,219
3157,qm,6,9040,265
3158,qm,6,9040,103
3159,qm,6,9040,107
3160,qm,6,9402,227
3161,qm,6,9402,131
3162,qm,6,9402,74
3163,qm,6,9402,271
3164,qm,6,9404,79
3165,qm,6,9404,268
3166,qm,6,9404,76
3167,qm,6,9404,33
3168,qm,6,9404,9
3169,qm,6,9404,80
3170,qm,7,9693,206
3171,qm,7,9693,93
3172,qm,7,9725,189
3173,qm,7,9725,255
3174,qm,7,9725,180
3175,qm,7,9725,210
3176,qm,7,9725,41
3177,qm,7,9725,190
3178,qm,7,9725,261
3179,qm,7,9725,231
3180,qm,7,9725,237
3181,qm,7,9725,183
3182,qm,7,108,220
3183,qm,7,108,30
3184,qm,7,108,55
3185,qm,7,108,30
3186,qm,7,108,24
3187,qm,7,108,77
3188,qm,7,108,35
3189,qm,7,108,149
3190,qm,7,108,2
3191,qm,7,1523,101
3192,qm,7,1523,58
3193,qm,7,1523,123
3194,qm,7,1523,9
3195,qm,7,1523,124
3196,qm,7,1523,31
3197,qm,7,1523,126
3198,qm,7,1523,10
3199,qm,7,1523,57
3200,qm,7,1523,56
3201,qm,7,1744,155
3202,qm,7,1744,244
3203,qm,8,179,70
3204,qm,8,179,38
3205,qm,8,179,259
3206,qm,8,179,15
3207,qm,8,179,279
3208,qm,8,179,38
3209,qm,8,180,183
3210,qm,8,180,232
3211,qm,8,180,41
3212,qm,8,180,40
3213,qm,8,2152,39
3214,qm,8,2152,60
3215,qm,8,2152,41
3216,qm,8,2152,287
3217,qm,8,2152,108
3218,qm,8,2152,39
3219,qm,8,2383,105
3220,qm,8,2383,11
3221,qm,8,2383,250
3222,qm,8,2383,24
3223,qm,8,2383,273
3224,qm,8,3173,102
3225,qm,8,3173,193
3226,qm,8,3173,102
3227,qm,8,3173,176
3228,qm,8,3173,172
3229,qm,8,3173,0
3230,qm,8,3390,130
3231,qm,8,3390,221
3232,qm,8,3390,176
3233,qm,8,3390,200
3234,qm,8,3390,248
3235,qm,8,3390,201
3236,qm,8,3390,179
3237,qm,8,3390,83
3238,qm,9,348,15
3239,qm,9,348,190
3240,qm,9,348,45
3241,qm,9,348,69
3242,qm,9,348,236
3243,qm,9,348,133
3244,qm,9,348,47
3245,qm,9,348,91
3246,qm,9,348,214
3247,qm,9,348,209
3248,qm,9,3627,92
3249,qm,9,3627,161
3250,qm,9,3627,16
3251,qm,9,4206,34
3252,qm,9,4206,245
3253,qm,9,4206,131
3254,qm,9,4206,55
3255,qm,9,4206,148
3256,qm,9,4206,250
3257,qm,9,4206,196
3258,qm,9,4206,267
3259,qm,9,4206,57
3260,qm,9,4206,50
3261,qm,9,5410,105
3262,qm,9,5410,28
3263,qm,10,5472,260
3264,qm,10,5472,282
3265,qm,10,5472,161
3266,qm,10,5472,181
3267,qm,10,5557,164
3268,qm,10,5557,191
3269,qm,10,5557,206
3270,qm,10,5557,230
3271,qm,10,5557,186
3272,qm,10,5842,287
3273,qm,10,5842,163
3274,qm,10,5842,189
3275,qm,10,5872,201
3276,qm,10,5872,32
3277,qm,10,5872,52
3278,qm,10,5872,221
3279,qm,10,5872,192
3280,qm,10,5872,154
3281,qm,10,59,96
3282,qm,10,59,274
3283,qm,10,59,264
3284,qm,10,59,219
3285,qm,10,59,76
3286,qm,10,6300,202
3287,qm,10,6300,265
3288,qm,10,6300,268
3289,qm,10,6300,82
3290,qm,11,6317,256
3291,qm,11,6317,260
3292,qm,11,6686,157
3293,qm,11,6686,228
3294,qm,11,6743,182
3295,qm,11,6743,181
3296,qm,11,6743,204
3297,qm,11,6743,39
3298,qm,11,6743,183
3299,qm,11,694,202
3300,qm,11,694,107
3301,qm,11,694,27
3302,qm,11,694,35
3303,qm,11,694,240
3304,qm,11,744,121
3305,qm,11,7652,220
3306,qm,11,7652,10
3307,qm,11,7652,34
3308,qm,11,7652,53
3309,qm,11,7652,78
3310,qm,11,7652,122
3311,qm,12,7833,89
3312,qm,12,7833,87
3313,qm,12,7833,205
3314,qm,12,7833,185
3315,qm,12,7833,46
3316,qm,12,7833,167
3317,qm,12,7833,19
3318,qm,12,7833,189
3319,qm,12,7833,208
3320,qm,12,806,276
3321,qm,12,806,12
3322,qm,12,806,213
3323,qm,12,806,136
3324,qm,12,806,136
3325,qm,12,806,184
3326,qm,12,8752,261
3327,qm,12,8752,63
3328,qm,12,8752,262
3329,qm,12,8775,200
3330,qm,12,8775,50
3331,qm,12,8775,58
3332,qm,12,8775,171
3333,qm,12,8817,77
3334,qm,12,8817,151
3335,qm,12,8817,50
3336,qm,12,8817,128
3337,qm,12,8861,223
3338,qm,12,8861,130
3339,qm,12,8861,32
3340,qm,12,8861,244
3341,qm,12,8861,102
3342,qm,12,8861,105
3343,qm,13,9040,66
3344,qm,13,9040,90
3345,qm,13,9040,235
3346,qm,13,9404,12
3347,qm,13,9404,282
3348,qm,13,9404,163
3349,qm,13,9404,45
3350,qm,13,9404,143
3351,qm,13,9404,84
3352,qm,13,9404,258
3353,qm,13,9404,231
3354,qm,13,9404,136
3355,qm,13,9404,109
3356,qm,13,9693,97
3357,qm,13,9693,52
3358,qm,13,9693,75
3359,qm,13,9725,221
3360,qm,13,9725,35
3361,qm,13,9725,33
3362,qm,13,9725,30
3363,qm,13,9725,241
3364,qm,13,9725,106
3365,qm,13,9725,248
3366,qm,13,9725,272
3367,qm,13,9725,220
3368,qm,13,9779,98
3369,qm,14,108,163
3370,qm,14,108,231
3371,qm,14,108,230
3372,qm,14,108,39
3373,qm,14,1523,111
3374,qm,14,1523,117
3375,qm,14,1523,135
3376,qm,14,1523,253
3377,qm,14,1744,167
3378,qm,14,1744,47
3379,qm,14,1744,188
3380,qm,14,1744,253
3381,qm,14,1744,184
3382,qm,14,1744,40
3383,qm,14,1744,46
3384,qm,14,1744,260
3385,qm,14,1744,92
3386,qm,14,179,198
3387,qm,14,180,219
3388,qm,14,180,202
3389,qm,14,180,199
3390,qm,14,180,58
3391,qm,14,180,127
3392,qm,14,180,3
3393,qm,15,2383,143
3394,qm,15,2383,39
3395,qm,15,2383,69
3396,qm,15,2383,136
3397,qm,15,2383,261
3398,qm,15,2383,18
3399,qm,15,2383,189
3400,qm,15,2383,116
3401,qm,15,2383,39
3402,qm,15,3173,186
3403,qm,15,3173,94
3404,qm,15,3173,91
3405,qm,15,3173,62
3406,qm,15,3173,12
3407,qm,15,3390,19
3408,qm,15,3390,160
3409,qm,15,3390,92
3410,qm,15,3390,215
3411,qm,15,3390,236
3412,qm,15,3390,157
3413,qm,15,3390,160
3414,qm,15,348,172
3415,qm,15,348,5
3416,qm,15,3627,74
3417,qm,15,3627,172
3418,qm,15,3627,264
3419,qm,15,3627,172
3420,qm,15,3627,77
3421,qm,15,3627,222
3422,qm,15,3932,216
3423,qm,15,3932,98
3424,qm,15,3932,32
3425,qm,15,3932,196
3426,qm,15,3932,217
3427,qm,15,3932,131
3428,qm,15,3932,154
3429,qm,15,3932,32
3430,qm,15,3932,52
3431,qm,15,3932,2
3432,qm,16,4206,262
3433,qm,16,4206,16
3434,qm,16,4206,86
3435,qm,16,5410,283
3436,qm,16,5410,132
3437,qm,16,5410,237
3438,qm,16,5410,183
3439,qm,16,5410,210
3440,qm,16,5472,128
3441,qm,16,5472,195
3442,qm,16,5472,250
3443,qm,16,5842,148
3444,qm,16,5842,24
3445,qm,16,5842,201
3446,qm,16,5842,107
3447,qm,16,5842,79
3448,qm,17,5872,93
3449,qm,17,5872,87
3450,qm,17,5872,17
3451,qm,17,5872,277
3452,qm,17,59,118
3453,qm,17,59,255
3454,qm,17,59,118
3455,qm,17,6300,235
3456,qm,17,6300,93
3457,qm,17,6300,281
3458,qm,17,6300,46
3459,qm,17,6300,210
3460,qm,17,6317,248
3461,qm,17,6686,74
3462,qm,17,6686,0
3463,qm,17,6686,57
3464,qm,17,6686,73
3465,qm,17,6686,8
3466,qm,17,6686,201
3467,qm,17,6686,196
3468,qm,17,6686,264
3469,qm,17,6743,27
3470,qm,18,694,185
3471,qm,18,694,112
3472,qm,18,694,228
3473,qm,18,694,281
3474,qm,18,694,182
3475,qm,18,694,84
3476,qm,18,7652,206
3477,qm,18,7833,77
3478,qm,18,7833,226
3479,qm,18,7833,271
3480,qm,18,806,7
3481,qm,18,806,24
3482,qm,18,806,105
3483,qm,18,806,177
3484,qm,18,806,58
3485,qm,18,806,193
3486,qm,18,806,146
3487,qm,18,806,74
3488,qm,18,806,174
3489,qm,18,8752,31
3490,qm,18,8752,247
3491,qm,18,8752,74
3492,qm,18,8752,58
3493,qm,18,8752,76
3494,qm,18,8752,219
3495,qm,18,8752,247
3496,qm,18,8752,173
3497,qm,19,8775,262
3498,qm,19,8775,163
3499,qm,19,8817,167
3500,qm,19,8817,95
3501,qm,19,8817,132
3502,qm,19,8817,47
3503,qm,19,8817,94
3504,qm,19,8817,238
3505,qm,19,8817,91
3506,qm,19,8817,89
3507,qm,19,8817,256
3508,qm,19,8861,61
3509,qm,19,9040,223
3510,qm,19,9040,152
3511,qm,19,9040,198
3512,qm,19,9040,77
3513,qm,19,9040,176
3514,qm,19,9040,50
3515,qm,19,9040,220
3516,qm,19,9040,123
3517,qm,19,9040,169
3518,qm,19,9402,240
3519,qm,19,9402,50
3520,qm,19,9402,2
3521,qm,19,9402,203
3522,qm,19,9402,127
3523,qm,19,9402,270
3524,qm,19,9402,77
3525,qm,19,9402,169
3526,qm,19,9404,32
3527,qm,19,9404,96
3528,qm,19,9404,4
3529,qm,19,9404,146
3530,qm,19,9404,169
3531,qm,19,9404,32
3532,qm,19,9404,275
3533,qm,19,9404,121
3534,qm,20,9693,41
3535,qm,20,9693,181
3536,qm,20,9693,190
3537,qm,20,9693,90
3538,qm,20,9693,109
3539,qm,20,9693,278
3540,qm,20,9779,231
3541,qm,20,9779,214
3542,qm,20,9779,110
3543,qm,20,9779,95
3544,qm,20,108,273
3545,qm,20,108,199
3546,qm,20,108,83
3547,qm,20,108,49
3548,qm,20,108,221
3549,qm,20,1523,271
3550,qm,20,1523,105
3551,qm,20,1523,125
3552,qm,20,1523,127
3553,qm,20,1523,55
3554,qm,20,1523,56
3555,qm,20,1523,245
3556,qm,21,179,116
3557,qm,21,180,44
3558,qm,21,2152,256
3559,qm,21,2152,160
3560,qm,21,2152,205
3561,qm,21,2152,164
3562,qm,21,2152,228
3563,qm,21,2152,108
3564,qm,21,2152,238
3565,qm,21,2152,229
3566,qm,21,2152,230
3567,qm,21,2152,138
3568,qm,21,2383,97
3569,qm,21,2383,171
3570,qm,21,2383,25
3571,qm,21,2383,149
3572,qm,21,2383,131
3573,qm,21,2383,144
3574,qm,21,2383,248
3575,qm,21,3173,150
3576,qm,21,3173,35
3577,qm,21,3173,131
3578,qm,21,3173,3
3579,qm,21,3173,50
3580,qm,21,3173,57
3581,qm,21,3390,127
3582,qm,21,3390,224
3583,qm,21,3390,130
3584,qm,21,3390,24
3585,qm,21,3390,267
3586,qm,21,3390,151
3587,qm,21,3390,267
3588,qm,21,3390,77
3589,qm,22,348,45
3590,qm,22,348,85
3591,qm,22,348,12
3592,qm,22,348,95
3593,qm,22,3627,68
3594,qm,22,3932,45
3595,qm,22,3932,159
3596,qm,22,3932,71
3597,qm,22,3932,19
3598,qm,22,3932,258
3599,qm,22,4206,218
3600,qm,22,4206,177
3601,qm,22,4206,2
3602,qm,22,4206,10
3603,qm,22,4206,59
3604,qm,22,4206,145
3605,qm,22,4206,34
3606,qm,22,4206,217
3607,qm,22,4388,55
3608,qm,22,4388,53
3609,qm,22,4388,54
3610,qm,22,4388,192
3611,qm,22,4388,247
3612,qm,22,4388,220
3613,qm,22,4388,179
3614,qm,22,4388,145
3615,qm,22,4388,24
3616,qm,23,5472,283
3617,qm,23,5472,43
3618,qm,23,5472,22
3619,qm,23,5472,228
3620,qm,23,5472,258
3621,qm,23,5472,117
3622,qm,23,5472,61
3623,qm,23,5557,281
3624,qm,23,5557,229
3625,qm,23,5557,70
3626,qm,23,5557,233
3627,qm,23,5557,280
3628,qm,23,5557,238
3629,qm,23,5557,279
3630,qm,23,5557,279
3631,qm,23,5557,276
3632,qm,23,5842,276
3633,qm,23,5842,40
3634,qm,23,5842,17
3635,qm,23,5842,238
3636,qm,23,5872,173
3637,qm,23,5872,25
3638,qm,23,5872,34
3639,qm,23,5872,244
3640,qm,23,5872,179
3641,qm,23,5872,77
3642,qm,23,59,272
3643,qm,23,59,52
3644,qm,23,59,274
3645,qm,23,59,58
3646,qm,23,6300,178
3647,qm,23,6300,79
3648,qm,23,6300,73
3649,qm,23,6300,219
3650,qm,23,6300,248
3651,qm,23,6300,29
3652,qm,23,6300,269
3653,qm,23,6300,50
3654,qm,23,6300,126
3655,qm,23,6300,99
3656,qm,24,6317,38
3657,qm,24,6317,14
3658,qm,24,6317,87
3659,qm,24,6317,37
3660,qm,24,6317,37
3661,qm,24,6317,254
3662,qm,24,6317,280
3663,qm,24,6317,208
3664,qm,24,6686,188
3665,qm,24,6686,13
3666,qm,24,6686,253
3667,qm,24,6686,213
3668,qm,24,6743,110
3669,qm,24,6743,165
3670,qm,24,6743,238
3671,qm,24,6743,114
3672,qm,24,6743,284
3673,qm,24,6743,255
3674,qm,24,6743,22
3675,qm,24,6743,91
3676,qm,24,694,149
3677,qm,24,744,96
3678,qm,24,744,120
3679,qm,24,744,122
3680,qm,24,744,272
3681,qm,24,744,129
3682,qm,24,744,24
3683,qm,24,744,144
3684,qm,24,744,246
3685,qm,24,744,175
3686,qm,24,7652,266
3687,qm,24,7652,201
3688,qm,24,7652,243
3689,qm,24,7652,192
3690,qm,24,7652,28
3691,qm,24,7652,50
3692,qm,25,7833,181
3693,qm,25,7833,285
3694,qm,25,8752,210
3695,qm,25,8752,165
3696,qm,25,8752,204
3697,qm,25,8752,214
3698,qm,25,8752,12
3699,qm,25,8752,204
3700,qm,25,8752,16
3701,qm,25,8752,19
3702,qm,25,8752,284
3703,qm,25,8752,260
3704,qm,25,8775,220
3705,qm,25,8817,34
3706,qm,25,8861,2
3707,qm,25,8861,265
3708,qm,25,8861,3
3709,qm,25,8861,6
3710,qm,25,8861,221
3711,qm,26,9040,230
3712,qm,26,9402,14
3713,qm,26,9402,41
3714,qm,26,9402,95
3715,qm,26,9404,238
3716,qm,26,9404,22
3717,qm,26,9404,143
3718,qm,26,9404,91
3719,qm,26,9404,166
3720,qm,26,9404,282
3721,qm,26,9404,93
3722,qm,26,9404,43
3723,qm,26,9404,113
3724,qm,26,9693,169
3725,qm,26,9693,75
3726,qm,26,9693,269
3727,qm,26,9693,2
3728,qm,26,9693,124
3729,qm,26,9693,218
3730,qm,26,9693,82
3731,qm,26,9725,123
3732,qm,26,9725,53
3733,qm,26,9725,3
3734,qm,26,9725,199
3735,qm,26,9725,250
3736,qm,26,9725,150
3737,qm,26,9725,240
3738,qm,26,9725,26
3739,qm,26,9725,51
3740,qm,26,9725,25
3741,qm,26,9779,249
3742,qm,26,9779,244
3743,qm,26,9779,25
3744,qm,27,108,252
3745,qm,27,108,116
3746,qm,27,1523,114
3747,qm,27,1523,92
3748,qm,27,1523,113
3749,qm,27,1523,233
3750,qm,27,1523,160
3751,qm,27,1523,253
3752,qm,27,1523,23
3753,qm,27,1523,282
3754,qm,27,1523,91
3755,qm,27,1523,167
3756,qm,27,1744,161
3757,qm,27,1744,186
3758,qm,27,1744,68
3759,qm,27,1744,205
3760,qm,27,1744,85
3761,qm,27,1744,95
3762,qm,27,1744,156
3763,qm,27,1744,257
3764,qm,27,1744,110
3765,qm,27,1744,119
3766,qm,27,179,72
3767,qm,27,179,226
3768,qm,27,180,121
3769,qm,27,180,81
3770,qm,27,180,275
3771,qm,27,2152,269
3772,qm,28,2383,14
3773,qm,28,2383,206
3774,qm,28,2383,112
3775,qm,28,2383,41
3776,qm,28,2383,238
3777,qm,28,3173,38
3778,qm,28,3173,46
3779,qm,28,3173,214
3780,qm,28,3173,69
3781,qm,28,3173,160
3782,qm,28,3173,62
3783,qm,28,3173,21
3784,qm,28,3173,282
3785,qm,28,3173,233
3786,qm,28,3390,135
3787,qm,28,3390,164
3788,qm,28,348,103
3789,qm,28,348,101
3790,qm,28,348,51
3791,qm,28,348,81
3792,qm,28,348,217
3793,qm,28,348,177
3794,qm,28,3627,267
3795,qm,28,3627,130
3796,qm,28,3627,35
3797,qm,28,3627,104
3798,qm,28,3627,0
3799,qm,28,3627,28
3800,qm,28,3932,248
3801,qm,28,3932,6
3802,qm,28,3932,219
3803,qm,28,3932,124
3804,qm,28,3932,268
3805,qm,29,4206,165
3806,qm,29,4206,19
3807,qm,29,4206,210
3808,qm,29,4206,287
3809,qm,29,4206,252
3810,qm,29,4388,17
3811,qm,29,4388,142
3812,qm,29,4388,181
3813,qm,29,4388,212
3814,qm,29,4388,212
3815,qm,29,4388,43
3816,qm,29,5472,30
3817,qm,29,5472,268
3818,qm,29,5472,8
3819,qm,29,5557,200
3820,qm,29,5557,240
3821,qm,29,5557,173
3822,qm,29,5842,271
3823,qm,29,5842,128
3824,qm,29,5842,34
3825,qm,29,5842,122
3826,qm,29,5842,127
3827,qm,29,5842,9
3828,qm,29,5842,55
3829,qm,29,5842,6
3830,qm,29,5842,59
3831,qm,29,5842,146
3832,qm,30,59,214
3833,qm,30,59,89
3834,qm,30,59,37
3835,qm,30,59,108
3836,qm,30,59,205
3837,qm,30,59,262
3838,qm,30,59,210
3839,qm,30,59,157
3840,qm,30,59,47
3841,qm,30,59,286
3842,qm,30,6317,10
3843,qm,30,6317,101
3844,qm,30,6317,264
3845,qm,30,6317,31
3846,qm,30,6317,58
3847,qm,30,6317,150
3848,qm,30,6317,98
3849,qm,30,6317,268
3850,qm,30,6317,100
3851,qm,30,6317,104
3852,qm,30,6686,267
3853,qm,30,6686,246
3854,qm,30,6686,265
3855,qm,30,6686,130
3856,qm,30,6686,83
3857,qm,30,6686,77
3858,qm,30,6686,273
3859,qm,30,6743,120
3860,qm,30,6743,150
3861,qm,30,6743,155
3862,qm,30,6743,24
3863,qm,30,6743,145
3864,qm,30,6743,170
3865,qm,30,6743,1
3866,qm,30,6743,266
3867,qm,30,6743,35
3868,qm,30,6743,171
3869,qm,31,694,137
3870,qm,31,694,142
3871,qm,31,694,257
3872,qm,31,744,22
3873,qm,31,744,119
3874,qm,31,744,14
3875,qm,31,744,283
3876,qm,31,744,187
3877,qm,31,744,23
3878,qm,31,744,16
3879,qm,31,744,66
3880,qm,31,744,87
3881,qm,31,7652,280
3882,qm,31,7652,143
3883,qm,31,7652,13
3884,qm,31,7652,116
3885,qm,31,7652,253
3886,qm,31,7652,287
3887,qm,31,7652,206
3888,qm,31,7652,280
3889,qm,31,7652,209
3890,qm,31,7833,197
3891,qm,31,7833,203
3892,qm,31,7833,120
3893,qm,31,7833,179
3894,qm,31,7833,265
3895,qm,31,806,125
3896,qm,31,8752,193
3897,qm,31,8752,48
3898,qm,31,8752,25
3899,qm,31,8752,201
3900,qm,31,8752,49
3901,qm,32,8775,212
3902,qm,32,8775,207
3903,qm,32,8775,65
3904,qm,32,8775,36
3905,qm,32,8817,113
3906,qm,32,8861,280
3907,qm,32,8861,23
3908,qm,32,8861,65
3909,qm,32,8861,47
3910,qm,32,8861,87
3911,qm,32,9040,8
3912,qm,32,9402,59
3913,qm,32,9402,244
3914,qm,32,9402,33
3915,qm,32,9402,270
3916,qm,32,9402,59
3917,qm,32,9402,177
3918,qm,32,9402,52
3919,qm,32,9402,242
3920,qm,32,9402,155
3921,qm,32,9404,195
3922,qm,33,9693,69
3923,qm,33,9693,286
3924,qm,33,9693,182
3925,qm,33,9693,37
3926,qm,33,9693,89
3927,qm,33,9693,286
3928,qm,33,9693,111
3929,qm,33,9693,166
3930,qm,33,9725,207
3931,qm,33,9725,207
3932,qm,33,9725,63
3933,qm,33,9725,65
3934,qm,33,108,55
3935,qm,33,108,264
3936,qm,33,108,251
3937,qm,33,108,25
3938,qm,33,108,178
3939,qm,33,108,152
3940,qm,33,108,196
3941,qm,33,108,179
3942,qm,33,108,49
3943,qm,33,108,171
3944,qm,33,1523,244
3945,qm,33,1523,96
3946,qm,33,1523,49
3947,qm,33,1523,220
3948,qm,33,1523,49
3949,qm,33,1523,125
3950,qm,33,1523,106
3951,qm,33,1523,192
3952,qm,33,1523,57
3953,qm,33,1744,0
3954,qm,33,1744,150
3955,qm,33,1744,127
3956,qm,34,179,42
3957,qm,34,179,261
3958,qm,34,179,65
3959,qm,34,180,89
3960,qm,34,180,22
3961,qm,34,180,233
3962,qm,34,2152,17
3963,qm,34,2152,156
3964,qm,34,2383,34
3965,qm,34,2383,56
3966,qm,34,2383,221
3967,qm,34,2383,154
3968,qm,34,2383,74
3969,qm,34,3173,267
3970,qm,34,3390,58
3971,qm,34,3390,274
3972,qm,34,3390,34
3973,qm,34,3390,31
3974,qm,34,3390,29
3975,qm,34,3390,55
3976,qm,34,3390,96
3977,qm,35,348,211
3978,qm,35,348,23
3979,qm,35,348,157
3980,qm,35,348,86
3981,qm,35,348,234
3982,qm,35,348,43
3983,qm,35,348,143
3984,qm,35,3627,45
3985,qm,35,3627,234
3986,qm,35,3627,167
3987,qm,35,3627,64
3988,qm,35,3627,233
3989,qm,35,3627,13
3990,qm,35,3627,12
3991,qm,35,3932,257
3992,qm,35,3932,181
3993,qm,35,4206,25
3994,qm,35,4388,31
3995,qm,35,4388,127
3996,qm,35,5410,275
3997,qm,35,5410,82
3998,qm,35,5410,120
3999,qm,35,5410,275
4000,qm,35,5410,146
4001,qm,35,5410,240
4002,qm,35,5410,27
4003,qm,35,5410,199
4004,qm,36,5472,92
4005,qm,36,5472,259
4006,qm,36,5472,184
4007,qm,36,5472,118
4008,qm,36,5472,191
4009,qm,36,5557,164
4010,qm,36,5557,233
4011,qm,36,5842,287
4012,qm,36,5842,90
4013,qm,36,5842,21
4014,qm,36,5842,287
4015,qm,36,5842,164
4016,qm,36,5842,281
4017,qm,36,5842,66
4018,qm,36,5842,156
4019,qm,36,5842,182
4020,qm,36,5842,143
4021,qm,36,5872,3
4022,qm,36,5872,195
4023,qm,36,5872,243
4024,qm,36,5872,222
4025,qm,36,5872,124
4026,qm,36,5872,48
4027,qm,36,5872,149
4028,qm,36,59,193
4029,qm,36,59,81
4030,qm,36,6300,34
4031,qm,36,6300,127
4032,qm,36,6300,174
4033,qm,37,6317,132
4034,qm,37,6686,205
4035,qm,37,6686,141
4036,qm,37,6743,37
4037,qm,37,6743,163
4038,qm,37,6743,70
4039,qm,37,6743,236
4040,qm,37,694,197
4041,qm,37,694,28
4042,qm,37,694,102
4043,qm,37,694,57
4044,qm,37,694,73
4045,qm,37,694,217
4046,qm,37,694,264
4047,qm,37,694,265
4048,qm,37,694,6
4049,qm,37,694,242
4050,qm,37,744,192
4051,qm,37,744,225
4052,qm,37,744,195
4053,qm,37,7652,104
4054,qm,37,7652,169
4055,qm,37,7652,126
4056,qm,37,7652,274
4057,qm,37,7652,145
4058,qm,37,7652,1
4059,qm,38,7833,88
4060,qm,38,7833,188
4061,qm,38,806,89
4062,qm,38,8775,192
4063,qm,38,8775,31
4064,qm,38,8775,273
4065,qm,38,8775,168
4066,qm,38,8775,241
4067,qm,38,8775,154
4068,qm,38,8817,72
4069,qm,38,8817,174
4070,qm,38,8817,9
4071,qm,38,8861,97
4072,qm,38,8861,127
4073,qm,38,8861,6
4074,qm,38,8861,227
4075,qm,38,8861,31
4076,qm,38,8861,58
4077,qm,38,8861,179
4078,qm,39,9040,260
4079,qm,39,9040,212
4080,qm,39,9040,142
4081,qm,39,9040,232
4082,qm,39,9040,65
4083,qm,39,9040,181
4084,qm,39,9402,47
4085,qm,39,9402,165
4086,qm,39,9402,156
4087,qm,39,9404,37
4088,qm,39,9404,111
4089,qm,39,9693,57
4090,qm,39,9693,98
4091,qm,39,9693,83
4092,qm,39,9693,196
4093,qm,39,9693,26
4094,qm,39,9693,197
4095,qm,39,9725,245
4096,qm,39,9725,149
4097,qm,39,9725,248
4098,qm,39,9725,33
4099,qm,39,9725,98
4100,qm,39,9779,219
4101,qm,39,9779,33
4102,qm,39,9779,170
4103,qm,39,9779,269
4104,qm,39,9779,121
4105,qm,39,9779,81
4106,qm,40,108,116
4107,qm,40,108,135
4108,qm,40,108,164
4109,qm,40,108,66
4110,qm,40,108,258
4111,qm,40,108,158
4112,qm,40,108,71
4113,qm,40,108,47
4114,qm,40,1523,280
4115,qm,40,1523,94
4116,qm,40,1523,210
4117,qm,40,1523,16
4118,qm,40,1523,211
4119,qm,40,1523,142
4120,qm,40,1744,13
4121,qm,40,1744,111
4122,qm,40,1744,70
4123,qm,40,1744,111
4124,qm,40,1744,42
4125,qm,40,1744,254
4126,qm,40,1744,255
4127,qm,40,1744,284
4128,qm,40,1744,62
4129,qm,40,1744,116
4130,qm,40,179,52
4131,qm,40,179,145
4132,qm,40,179,223
4133,qm,40,180,174
4134,qm,40,180,220
4135,qm,40,180,31
4136,qm,40,180,269
4137,qm,40,180,202
4138,qm,40,180,178
4139,qm,40,180,100
4140,qm,40,2152,80
4141,qm,40,2152,170
4142,qm,40,2152,246
4143,qm,40,2152,240
4144,qm,40,2152,217
4145,qm,41,2383,162
4146,qm,41,2383,231
4147,qm,41,2383,214
4148,qm,41,2383,138
4149,qm,41,2383,161
4150,qm,41,2383,261
4151,qm,41,2383,184
4152,qm,41,2383,62
4153,qm,41,2383,114
4154,qm,41,3173,234
4155,qm,41,3173,86
4156,qm,41,3173,20
4157,qm,41,3173,38
4158,qm,41,3173,285
4159,qm,41,3173,44
4160,qm,41,3173,66
4161,qm,41,3390,239
4162,qm,41,3390,278
4163,qm,41,3390,182
4164,qm,41,3390,257
4165,qm,41,3390,137
4166,qm,41,3390,282
4167,qm,41,3390,17
4168,qm,41,3390,66
4169,qm,41,3390,256
4170,qm,41,3390,90
4171,qm,41,348,48
4172,qm,41,3627,120
4173,qm,41,3627,104
4174,qm,41,3627,247
4175,qm,41,3627,50
4176,qm,41,3932,227
4177,qm,42,4206,237
4178,qm,42,4206,110
4179,qm,42,4206,185
4180,qm,42,4206,287
4181,qm,42,4388,88
4182,qm,42,4388,230
4183,qm,42,4388,45
4184,qm,42,4388,70
4185,qm,42,4388,65
4186,qm,42,4388,238
4187,qm,42,4388,67
4188,qm,42,4388,60
4189,qm,42,4388,70
4190,qm,42,4388,13
4191,qm,42,5410,110
4192,qm,42,5410,239
4193,qm,42,5410,13
4194,qm,42,5410,88
4195,qm,42,5410,180
4196,qm,42,5410,20
4197,qm,42,5410,63
4198,qm,42,5410,234
4199,qm,42,5410,181
4200,qm,43,5872,258
4201,qm,43,5872,161
4202,qm,43,5872,12
4203,qm,43,5872,260
4204,qm,43,5872,256
4205,qm,43,5872,257
4206,qm,43,5872,17
4207,qm,43,5872,161
4208,qm,43,5872,114
4209,qm,43,59,157
4210,qm,43,59,61
4211,qm,43,59,159
4212,qm,43,59,43
4213,qm,43,6300,160
4214,qm,43,6300,209
4215,qm,43,6300,210
4216,qm,43,6300,139
4217,qm,43,6686,73
4218,qm,43,6686,249
4219,qm,43,6686,179
4220,qm,43,6686,151
4221,qm,43,6686,197
4222,qm,43,6686,130
4223,qm,43,6686,0
4224,qm,43,6686,146
4225,qm,43,6686,73
4226,qm,43,6743,197
4227,qm,43,6743,246
4228,qm,43,6743,11
4229,qm,43,6743,269
4230,qm,43,6743,264
4231,qm,43,6743,218
4232,qm,43,6743,179
4233,qm,44,694,253
4234,qm,44,694,61
4235,qm,44,694,283
4236,qm,44,694,113
4237,qm,44,694,111
4238,qm,44,694,162
4239,qm,44,744,228
4240,qm,44,744,238
4241,qm,44,744,160
4242,qm,44,744,158
4243,qm,44,744,285
4244,qm,44,744,255
4245,qm,44,744,67
4246,qm,44,7652,207
4247,qm,44,7652,112
4248,qm,44,7652,191
4249,qm,44,7652,166
4250,qm,44,7652,208
4251,qm,44,7652,262
4252,qm,44,7652,215
4253,qm,44,7652,136
4254,qm,44,7652,94
4255,qm,44,7833,130
4256,qm,44,7833,76
4257,qm,44,7833,76
4258,qm,44,7833,151
4259,qm,44,7833,75
4260,qm,44,7833,99
4261,qm,44,7833,197
4262,qm,44,7833,218
4263,qm,44,7833,55
4264,qm,44,806,147
4265,qm,44,806,249
4266,qm,44,806,32
4267,qm,44,806,274
4268,qm,44,8752,127
4269,qm,44,8752,200
4270,qm,44,8752,130
4271,qm,44,8752,267
4272,qm,45,8775,256
4273,qm,45,8775,39
4274,qm,45,8775,278
4275,qm,45,8817,110
4276,qm,45,8817,183
4277,qm,45,8817,65
4278,qm,45,8817,94
4279,qm,45,8817,64
4280,qm,45,8817,211
4281,qm,45,8817,167
4282,qm,45,8817,254
4283,qm,45,8817,85
4284,qm,45,8817,282
4285,qm,45,8861,286
4286,qm,45,8861,133
4287,qm,45,8861,132
4288,qm,45,8861,283
4289,qm,45,8861,21
4290,qm,45,9040,268
4291,qm,45,9040,243
4292,qm,45,9040,151
4293,qm,45,9040,268
4294,qm,45,9402,9
4295,qm,45,9402,272
4296,qm,45,9402,268
4297,qm,45,9402,265
4298,qm,45,9402,83
4299,qm,45,9402,218
4300,qm,45,9402,56
4301,qm,45,9402,131
4302,qm,45,9402,121
4303,qm,45,9404,246
4304,qm,45,9404,131
4305,qm,45,9404,28
4306,qm,45,9404,0
4307,qm,45,9404,176
4308,qm,45,9404,48
4309,qm,45,9404,126
4310,qm,45,9404,2
4311,qm,45,9404,244
4312,qm,45,9404,1
4313,qm,46,9693,69
4314,qm,46,9693,111
4315,qm,46,9725,16
4316,qm,46,9725,46
4317,qm,46,9725,182
4318,qm,46,9725,42
4319,qm,46,9725,256
4320,qm,46,9725,20
4321,qm,46,9779,109
4322,qm,46,9779,158
4323,qm,46,9779,43
4324,qm,46,9779,92
4325,qm,46,9779,277
4326,qm,46,9779,113
4327,qm,46,9779,44
4328,qm,46,9779,142
4329,qm,46,108,225
4330,qm,46,108,244
4331,qm,46,108,222
4332,qm,46,108,30
4333,qm,46,108,247
4334,qm,46,108,0
4335,qm,46,1523,123
4336,qm,46,1523,5
4337,qm,46,1523,197
4338,qm,46,1523,247
4339,qm,46,1523,97
4340,qm,46,1523,2
4341,qm,46,1523,150
4342,qm,46,1744,101
4343,qm,47,179,138
4344,qm,47,179,90
4345,qm,47,179,234
4346,qm,47,179,110
4347,qm,47,179,215
4348,qm,47,180,214
4349,qm,47,2152,112
4350,qm,47,2152,162
4351,qm,47,2152,94
4352,qm,47,2152,141
4353,qm,47,2152,253
4354,qm,47,2152,19
4355,qm,47,2383,81
4356,qm,47,2383,79
4357,qm,47,2383,9
4358,qm,47,2383,264
4359,qm,47,2383,104
4360,qm,47,2383,155
4361,qm,47,2383,264
4362,qm,47,3173,123
4363,qm,47,3390,174
4364,qm,47,3390,219
4365,qm,47,3390,149
4366,qm,48,348,258
4367,qm,48,348,135
4368,qm,48,348,133
4369,qm,48,348,214
4370,qm,48,3627,181
4371,qm,48,3627,188
4372,qm,48,3627,91
4373,qm,48,3627,162
4374,qm,48,3627,284
4375,qm,48,3932,230
4376,qm,48,3932,20
4377,qm,48,3932,156
4378,qm,48,3932,89
4379,qm,48,3932,237
4380,qm,48,3932,237
4381,qm,48,3932,65
4382,qm,48,4206,151
4383,qm,48,4206,121
4384,qm,48,4206,50
4385,qm,48,4206,7
4386,qm,48,4206,249
4387,qm,48,4206,34
4388,qm,48,4206,98
4389,qm,48,4388,126
4390,qm,48,4388,226
4391,qm,48,4388,100
4392,qm,48,4388,176
4393,qm,48,4388,74
4394,qm,48,4388,220
4395,qm,48,4388,122
4396,qm,48,5410,218
4397,qm,48,5410,250
4398,qm,48,5410,195
4399,qm,48,5410,178
4400,qm,48,5410,192
4401,qm,49,5472,119
4402,qm,49,5472,139
4403,qm,49,5472,21
4404,qm,49,5472,278
4405,qm,49,5557,95
4406,qm,49,5557,284
4407,qm,49,5557,161
4408,qm,49,5557,164
4409,qm,49,5557,14
4410,qm,49,5842,66
4411,qm,49,5842,68
4412,qm,49,5872,218
4413,qm,49,5872,150
4414,qm,49,5872,177
4415,qm,49,5872,122
4416,qm,49,5872,268
4417,qm,49,5872,200
4418,qm,49,5872,220
4419,qm,49,5872,146
4420,qm,49,59,153
4421,qm,49,59,243
4422,qm,49,59,103
4423,qm,49,59,224
4424,qm,49,59,193
4425,qm,49,59,121
4426,qm,49,6300,224
4427,qm,49,6300,194
4428,qm,49,6300,170
4429,qm,49,6300,7
4430,qm,50,6317,143
4431,qm,50,6317,13
4432,qm,50,6317,134
4433,qm,50,6686,39
4434,qm,50,6686,181
4435,qm,50,6686,17
4436,qm,50,6686,114
4437,qm,50,6686,137
4438,qm,50,6686,85
4439,qm,50,6686,117
4440,qm,50,6686,42
4441,qm,50,6686,185
4442,qm,50,6743,283
4443,qm,50,6743,256
4444,qm,50,6743,206
4445,qm,50,6743,235
4446,qm,50,6743,63
4447,qm,50,6743,277
4448,qm,50,694,198
4449,qm,50,694,168
4450,qm,50,694,243
4451,qm,50,744,147
4452,qm,50,7652,105
4453,qm,51,7833,158
4454,qm,51,806,181
4455,qm,51,806,60
4456,qm,51,806,135
4457,qm,51,806,141
4458,qm,51,806,165
4459,qm,51,8752,46
4460,qm,51,8752,91
4461,qm,51,8752,23
4462,qm,51,8775,225
4463,qm,51,8775,226
4464,qm,51,8775,175
4465,qm,51,8775,33
4466,qm,51,8775,128
4467,qm,51,8775,130
4468,qm,51,8775,1
4469,qm,51,8775,49
4470,qm,51,8775,201
4471,qm,51,8775,227
4472,qm,51,8817,200
4473,qm,51,8817,124
4474,qm,51,8817,227
4475,qm,51,8817,51
4476,qm,51,8817,97
4477,qm,51,8861,121
4478,qm,51,8861,217
4479,qm,51,8861,96
4480,qm,51,8861,201
4481,qm,51,8861,217
4482,qm,51,8861,144
4483,qm,51,8861,127
4484,qm,51,8861,222
4485,qm,52,9040,15
4486,qm,52,9040,181
4487,qm,52,9040,88
4488,qm,52,9040,157
4489,qm,52,9040,207
4490,qm,52,9040,233
4491,qm,52,9040,181
4492,qm,52,9040,115
4493,qm,52,9040,233
4494,qm,52,9402,17
4495,qm,52,9402,70
4496,qm,52,9402,167
4497,qm,52,9402,86
4498,qm,52,9402,208
4499,qm,52,9402,260
4500,qm,52,9402,262
4501,qm,52,9402,62
4502,qm,52,9404,46
4503,qm,52,9404,212
4504,qm,52,9404,161
4505,qm,52,9404,252
4506,qm,52,9693,4
4507,qm,52,9693,202
4508,qm,52,9693,153
4509,qm,52,9725,2
4510,qm,52,9725,129
4511,qm,52,9725,24
4512,qm,52,9725,247
4513,qm,52,9725,122
4514,qm,52,9725,0
4515,qm,52,9725,194
4516,qm,52,9725,171
4517,qm,52,9725,126
4518,qm,52,9725,124
4519,qm,52,9779,240
4520,qm,52,9779,79
4521,qm,52,9779,48
4522,qm,52,9779,247
4523,qm,52,9779,225
4524,qm,52,9779,1
4525,qm,52,9779,127
4526,qm,52,9779,178
4527,qm,52,9779,170
4528,qm,52,9779,175
4529,qm,53,108,180
4530,qm,53,108,160
4531,qm,53,108,89
4532,qm,53,108,87
4533,qm,53,1523,285
4534,qm,53,1523,61
4535,qm,53,1523,278
4536,qm,53,1523,159
4537,qm,53,1523,160
4538,qm,53,1523,137
4539,qm,53,1523,84
4540,qm,53,1744,180
4541,qm,53,1744,15
4542,qm,53,1744,214
4543,qm,53,1744,210
4544,qm,53,179,151
4545,qm,53,179,126
4546,qm,53,179,100
4547,qm,53,179,101
4548,qm,53,179,144
4549,qm,53,179,174
4550,qm,53,179,8
4551,qm,53,179,269
4552,qm,53,180,1
4553,qm,53,180,7
4554,qm,53,180,50
4555,qm,53,180,218
4556,qm,53,180,242
4557,qm,53,180,195
4558,qm,53,180,50
4559,qm,53,2152,30
4560,qm,53,2152,103
4561,qm,53,2152,168
4562,qm,53,2152,98
4563,qm,53,2152,5
4564,qm,53,2152,250
4565,qm,53,2152,99
4566,qm,53,2152,97
4567,qm,53,2152,102
4568,qm,53,2152,153
4569,qm,54,2383,228
4570,qm,54,2383,167
4571,qm,54,2383,237
4572,qm,54,2383,237
4573,qm,54,2383,109
4574,qm,54,2383,37
4575,qm,54,2383,236
4576,qm,54,2383,214
4577,qm,54,3173,89
4578,qm,54,3173,285
4579,qm,54,3390,37
4580,qm,54,348,81
4581,qm,54,348,202
4582,qm,54,348,272
4583,qm,54,348,75
4584,qm,54,348,268
4585,qm,54,348,268
4586,qm,54,348,100
4587,qm,54,348,125
4588,qm,54,348,48
4589,qm,54,348,33
4590,qm,54,3627,81
4591,qm,54,3627,216
4592,qm,54,3627,2
4593,qm,54,3627,221
4594,qm,54,3627,55
4595,qm,54,3627,153
4596,qm,54,3627,29
4597,qm,54,3627,172
4598,qm,54,3932,168
4599,qm,54,3932,96
4600,qm,54,3932,10
4601,qm,54,3932,51
4602,qm,54,3932,128
4603,qm,54,3932,107
4604,qm,54,3932,127
4605,qm,54,3932,218
4606,qm,54,3932,171
4607,qm,55,4206,230
4608,qm,55,4206,208
4609,qm,55,4206,183
4610,qm,55,4206,20
4611,qm,55,4206,60
4612,qm,55,4206,204
4613,qm,55,4206,16
4614,qm,55,4206,12
4615,qm,55,4206,206
4616,qm,55,4206,63
4617,qm,55,4388,183
4618,qm,55,4388,134
4619,qm,55,4388,183
4620,qm,55,4388,13
4621,qm,55,4388,143
4622,qm,55,4388,63
4623,qm,55,4388,280
4624,qm,55,4388,66
4625,qm,55,4388,90
4626,qm,55,4388,142
4627,qm,55,5410,13
4628,qm,55,5410,286
4629,qm,55,5410,111
4630,qm,55,5410,69
4631,qm,55,5410,163
4632,qm,55,5410,212
4633,qm,55,5410,183
4634,qm,55,5410,182
4635,qm,55,5410,229
4636,qm,55,5557,48
4637,qm,55,5557,52
4638,qm,55,5557,81
4639,qm,55,5557,6
4640,qm,55,5557,83
4641,qm,55,5842,105
4642,qm,55,5842,265
4643,qm,55,5842,154
4644,qm,55,5842,3
4645,qm,55,5842,102
4646,qm,55,5842,55
4647,qm,56,5872,43
4648,qm,56,59,259
4649,qm,56,59,234
4650,qm,56,59,114
4651,qm,56,59,88
4652,qm,56,6300,92
4653,qm,56,6300,213
4654,qm,56,6300,278
4655,qm,56,6300,36
4656,qm,56,6300,167
4657,qm,56,6300,65
4658,qm,56,6317,127
4659,qm,56,6317,28
4660,qm,56,6317,242
4661,qm,56,6317,194
4662,qm,56,6317,200
4663,qm,56,6686,176
4664,qm,56,6686,48
4665,qm,56,6686,76
4666,qm,56,6686,104
4667,qm,56,6686,99
4668,qm,56,6686,9
4669,qm,56,6686,77
4670,qm,56,6686,1
4671,qm,56,6686,0
4672,qm,56,6743,77
4673,qm,56,6743,144
4674,qm,56,6743,78
4675,qm,56,6743,50
4676,qm,56,6743,147
4677,qm,56,6743,83
4678,qm,57,694,137
4679,qm,57,694,253
4680,qm,57,694,257
4681,qm,57,744,163
4682,qm,57,744,42
4683,qm,57,744,259
4684,qm,57,744,114
4685,qm,57,744,257
4686,qm,57,744,213
4687,qm,57,7652,90
4688,qm,57,7652,207
4689,qm,57,7652,256
4690,qm,57,7652,160
4691,qm,57,7833,227
4692,qm,57,7833,25
4693,qm,57,7833,0
4694,qm,57,7833,265
4695,qm,57,7833,227
4696,qm,57,7833,77
4697,qm,57,806,131
4698,qm,57,806,145
4699,qm,57,806,100
4700,qm,57,806,246
4701,qm,57,806,33
4702,qm,57,806,147
4703,qm,57,806,274
4704,qm,57,8752,98
4705,qm,57,8752,151
4706,qm,57,8752,264
4707,qm,57,8752,168
4708,qm,57,8752,178
4709,qm,57,8752,49
4710,qm,58,8775,142
4711,qm,58,8775,281
4712,qm,58,8817,70
4713,qm,58,8817,188
4714,qm,58,8817,91
4715,qm,58,8817,263
4716,qm,58,8817,140
4717,qm,58,8817,260
4718,qm,58,8817,12
4719,qm,58,8817,234
4720,qm,58,8861,136
4721,qm,58,8861,262
4722,qm,58,8861,166
4723,qm,58,8861,181
4724,qm,58,8861,281
4725,qm,58,8861,284
4726,qm,58,8861,191
4727,qm,58,8861,287
4728,qm,58,8861,143
4729,qm,58,8861,237
4730,qm,58,9040,246
4731,qm,58,9040,177
4732,qm,58,9402,31
4733,qm,58,9402,121
4734,qm,58,9402,80
4735,qm,58,9402,270
4736,qm,58,9402,195
4737,qm,58,9402,224
4738,qm,58,9402,145
4739,qm,58,9402,96
4740,qm,59,9693,117
4741,qm,59,9693,263
4742,qm,59,9693,283
4743,qm,59,9693,191
4744,qm,59,9725,93
4745,qm,59,9725,206
4746,qm,59,9725,137
4747,qm,59,9725,184
4748,qm,59,9725,142
4749,qm,59,9725,209
4750,qm,59,9725,23
4751,qm,59,9779,64
4752,qm,59,9779,254
4753,qm,59,9779,208
4754,qm,59,9779,138
4755,qm,59,9779,138
4756,qm,59,9779,136
4757,qm,59,9779,237
4758,qm,59,9779,166
4759,qm,59,108,216
4760,qm,59,1523,52
4761,qm,59,1523,155
4762,qm,59,1523,275
4763,qm,59,1523,242
4764,qm,59,1523,130
4765,qm,59,1523,102
4766,qm,59,1523,155
4767,qm,59,1523,148
4768,qm,59,1523,122
4769,qm,60,179,214
4770,qm,60,179,63
4771,qm,60,179,189
4772,qm,60,179,36
4773,qm,60,179,213
4774,qm,60,180,260
4775,qm,60,180,209
4776,qm,60,180,90
4777,qm,60,180,211
4778,qm,60,180,39
4779,qm,60,180,134
4780,qm,60,180,19
4781,qm,60,180,87
4782,qm,60,2383,11
4783,qm,60,2383,241
4784,qm,60,2383,58
4785,qm,60,2383,103
4786,qm,60,2383,124
4787,qm,60,2383,268
4788,qm,60,2383,175
4789,qm,60,2383,29
4790,qm,60,2383,242
4791,qm,60,2383,265
4792,qm,60,3173,274
4793,qm,60,3173,25
4794,qm,60,3173,170
4795,qm,60,3173,120
4796,qm,60,3173,171
4797,qm,60,3173,2
4798,qm,60,3173,127
4799,qm,60,3173,175
4800,qm,61,348,210
4801,qm,61,348,133
4802,qm,61,348,143
4803,qm,61,348,95
4804,qm,61,348,139
4805,qm,61,348,156
4806,qm,61,348,231
4807,qm,61,348,209
4808,qm,61,348,261
4809,qm,61,348,136
4810,qm,61,3627,112
4811,qm,61,3627,230
4812,qm,61,3627,180
4813,qm,61,3627,37
4814,qm,61,3627,63
4815,qm,61,3627,286
4816,qm,61,3627,65
4817,qm,61,3627,18
4818,qm,61,3627,279
4819,qm,61,3932,189
4820,qm,61,3932,71
4821,qm,61,3932,118
4822,qm,61,3932,41
4823,qm,61,5410,178
4824,qm,61,5410,104
4825,qm,61,5410,268
4826,qm,61,5410,200
4827,qm,61,5410,50
4828,qm,62,5472,111
4829,qm,62,5472,164
4830,qm,62,5472,229
4831,qm,62,5472,186
4832,qm,62,5472,259
4833,qm,62,5472,283
4834,qm,62,5472,181
4835,qm,62,5557,43
4836,qm,62,5557,262
4837,qm,62,5557,20
4838,qm,62,5557,205
4839,qm,62,5557,13
4840,qm,62,5557,119
4841,qm,62,5557,281
4842,qm,62,5842,110
4843,qm,62,5842,235
4844,qm,62,5842,281
4845,qm,62,5842,65
4846,qm,62,5842,139
4847,qm,62,5842,37
4848,qm,62,5842,285
4849,qm,62,5842,90
4850,qm,62,5842,182
4851,qm,62,59,220
4852,qm,62,59,244
4853,qm,62,59,178
4854,qm,62,59,223
4855,qm,62,59,271
4856,qm,62,6300,76
4857,qm,62,6300,126
4858,qm,62,6300,58
4859,qm,62,6300,78
4860,qm,62,6300,147
4861,qm,62,6300,26
4862,qm,62,6300,103
4863,qm,62,6300,152
4864,qm,63,6317,113
4865,qm,63,6317,71
4866,qm,63,6317,276
4867,qm,63,6317,235
4868,qm,63,6317,259
4869,qm,63,6686,160
4870,qm,63,6686,188
4871,qm,63,6686,257
4872,qm,63,6743,230
4873,qm,63,6743,42
4874,qm,63,6743,63
4875,qm,63,6743,138
4876,qm,63,694,101
4877,qm,63,694,169
4878,qm,63,694,103
4879,qm,63,744,147
4880,qm,63,744,271
4881,qm,63,744,35
4882,qm,63,744,53
4883,qm,63,744,224
4884,qm,63,744,29
4885,qm,63,744,105
4886,qm,63,7652,129
4887,qm,63,7652,154
4888,qm,64,7833,211
4889,qm,64,7833,47
4890,qm,64,7833,138
4891,qm,64,7833,278
4892,qm,64,7833,112
4893,qm,64,806,182
4894,qm,64,806,119
4895,qm,64,806,141
4896,qm,64,806,65
4897,qm,64,806,92
4898,qm,64,806,215
4899,qm,64,806,283
4900,qm,64,806,62
4901,qm,64,806,236
4902,qm,64,8752,71
4903,qm,64,8752,42
4904,qm,64,8752,253
4905,qm,64,8752,41
4906,qm,64,8752,213
4907,qm,64,8752,210
4908,qm,64,8752,112
4909,qm,64,8752,282
4910,qm,64,8752,87
4911,qm,64,8775,241
4912,qm,64,8775,120
4913,qm,64,8775,82
4914,qm,64,8817,33
4915,qm,64,8861,58
4916,qm,65,9040,276
4917,qm,65,9040,14
4918,qm,65,9040,185
4919,qm,65,9040,89
4920,qm,65,9040,70
4921,qm,65,9040,281
4922,qm,65,9040,167
4923,qm,65,9040,134
4924,qm,65,9040,166
4925,qm,65,9040,132
4926,qm,65,9402,255
4927,qm,65,9402,41
4928,qm,65,9402,211
4929,qm,65,9402,70
4930,qm,65,9402,91
4931,qm,65,9402,108
4932,qm,65,9402,45
4933,qm,65,9402,167
4934,qm,65,9402,12
4935,qm,65,9402,212
4936,qm,65,9404,182
4937,qm,65,9404,190
4938,qm,65,9404,118
4939,qm,65,9404,87
4940,qm,65,9404,206
4941,qm,65,9404,252
4942,qm,65,9404,232
4943,qm,65,9404,85
4944,qm,65,9404,93
4945,qm,65,9404,180
4946,qm,65,9693,127
4947,qm,65,9693,225
4948,qm,65,9693,271
4949,qm,65,9693,241
4950,qm,65,9693,129
4951,qm,65,9693,73
4952,qm,65,9693,78
4953,qm,65,9693,100
4954,qm,65,9693,10
4955,qm,65,9693,79
4956,qm,65,9725,130
4957,qm,65,9725,1
4958,qm,65,9725,153
4959,qm,65,9725,57
4960,qm,65,9725,177
4961,qm,65,9779,219
4962,qm,65,9779,267
4963,qm,65,9779,155
4964,qm,65,9779,29
4965,qm,65,9779,274
4966,qm,65,9779,151
4967,qm,66,108,90
4968,qm,66,108,187
4969,qm,66,108,63
4970,qm,66,108,281
4971,qm,66,108,232
4972,qm,66,108,66
4973,qm,66,108,65
4974,qm,66,1523,114
4975,qm,66,1523,235
4976,qm,66,1523,280
4977,qm,66,1523,14
4978,qm,66,1523,208
4979,qm,66,1744,66
4980,qm,66,179,9
4981,qm,66,179,32
4982,qm,66,179,175
4983,qm,66,179,25
4984,qm,66,179,178
4985,qm,66,180,148
4986,qm,66,180,201
4987,qm,66,2152,251
4988,qm,66,2152,29
4989,qm,66,2152,225
4990,qm,66,2152,98
4991,qm,67,2383,281
4992,qm,67,2383,209
4993,qm,67,2383,91
4994,qm,67,2383,263
4995,qm,67,2383,118
4996,qm,67,2383,95
4997,qm,67,2383,238
4998,qm,67,2383,237
4999,qm,67,2383,116
5000,qm,67,2383,260
5001,qm,67,3173,118
5002,qm,67,3173,135
5003,qm,67,3173,93
5004,qm,67,3173,213
5005,qm,67,3173,206
5006,qm,67,3390,284
5007,qm,67,3390,95
5008,qm,67,3390,190
5009,qm,67,3390,263
5010,qm,67,3390,282
5011,qm,67,3390,228
5012,qm,67,3390,187
5013,qm,67,3390,113
5014,qm,67,3390,114
5015,qm,67,348,106
5016,qm,67,348,226
5017,qm,67,348,250
5018,qm,67,3627,274
5019,qm,67,3627,248
5020,qm,67,3627,268
5021,qm,67,3627,50
5022,qm,67,3627,124
5023,qm,67,3627,34
5024,qm,67,3627,83
5025,qm,67,3627,194
5026,qm,67,3627,55
5027,qm,67,3627,270
5028,qm,67,3932,199
5029,qm,68,4206,257
5030,qm,68,4206,87
5031,qm,68,4206,254
5032,qm,68,4206,263
5033,qm,68,4206,136
5034,qm,68,4206,108
5035,qm,68,4206,209
5036,qm,68,4206,134
5037,qm,68,4388,20
5038,qm,68,4388,17
5039,qm,68,4388,46
5040,qm,68,4388,90
5041,qm,68,5410,253
5042,qm,68,5410,112
5043,qm,68,5410,285
5044,qm,68,5410,182
5045,qm,68,5410,12
5046,qm,68,5410,15
5047,qm,68,5410,60
5048,qm,68,5410,136
5049,qm,68,5410,17
5050,qm,68,5472,130
5051,qm,68,5472,75
5052,qm,68,5557,249
5053,qm,68,5557,99
5054,qm,68,5557,10
5055,qm,68,5557,79
5056,qm,68,5557,199
5057,qm,68,5557,83
5058,qm,68,5842,171
5059,qm,68,5842,107
5060,qm,68,5842,199
5061,qm,68,5842,122
5062,qm,69,59,282
5063,qm,69,59,281
5064,qm,69,59,38
5065,qm,69,59,47
5066,qm,69,59,133
5067,qm,69,59,17
5068,qm,69,6300,286
5069,qm,69,6300,85
5070,qm,69,6300,137
5071,qm,69,6300,259
5072,qm,69,6300,188
5073,qm,69,6300,42
5074,qm,69,6300,190
5075,qm,69,6317,224
5076,qm,69,6317,202
5077,qm,69,6317,123
5078,qm,69,6743,151
5079,qm,69,6743,25
5080,qm,69,6743,121
5081,qm,69,6743,199
5082,qm,69,6743,58
5083,qm,69,6743,202
5084,qm,69,6743,58
5085,qm,69,6743,76
5086,qm,69,6743,248
5087,qm,69,6743,74
5088,qm,70,694,69
5089,qm,70,744,60
5090,qm,70,744,88
5091,qm,70,744,113
5092,qm,70,744,41
5093,qm,70,7652,13
5094,qm,70,7652,93
5095,qm,70,7652,46
5096,qm,70,7652,19
5097,qm,70,7833,250
5098,qm,70,7833,273
5099,qm,70,7833,170
5100,qm,70,806,106
5101,qm,70,806,7
5102,qm,70,806,4
5103,qm,70,806,5
5104,qm,70,806,249
5105,qm,70,806,59
5106,qm,70,806,221
5107,qm,70,8752,6
5108,qm,70,8752,129
5109,qm,70,8752,3
5110,qm,70,8752,171
5111,qm,70,8752,154
5112,qm,70,8752,98
5113,qm,70,8752,7
5114,qm,71,8775,180
5115,qm,71,8775,116
5116,qm,71,8775,94
5117,qm,71,8817,134
5118,qm,71,8817,159
5119,qm,71,8817,41
5120,qm,71,8817,231
5121,qm,71,8817,280
5122,qm,71,8817,236
5123,qm,71,8817,134
5124,qm,71,8861,84
5125,qm,71,8861,254
5126,qm,71,8861,132
5127,qm,71,8861,238
5128,qm,71,8861,255
5129,qm,71,8861,263
5130,qm,71,9040,249
5131,qm,71,9040,10
5132,qm,71,9040,128
5133,qm,71,9040,147
5134,qm,71,9040,81
5135,qm,71,9040,249
5136,qm,71,9040,106
5137,qm,71,9040,72
5138,qm,71,9040,219
5139,qm,71,9040,178
5140,qm,71,9402,130
5141,qm,71,9402,197
5142,qm,71,9402,0
5143,qm,71,9402,216
5144,qm,71,9404,8
5145,qm,71,9404,76
5146,qm,71,9404,24
5147,qm,71,9404,248
5148,qm,71,9404,25
5149,qm,72,9693,13
5150,qm,72,9693,60
5151,qm,72,9693,206
5152,qm,72,9693,254
5153,qm,72,9693,46
5154,qm,72,9725,239
5155,qm,72,9725,185
5156,qm,72,9725,232
5157,qm,72,9725,108
5158,qm,72,9725,157
5159,qm,72,9725,183
5160,qm,72,9725,70
5161,qm,72,9725,37
5162,qm,72,9779,47
5163,qm,72,9779,253
5164,qm,72,9779,41
5165,qm,72,9779,262
5166,qm,72,9779,161
5167,qm,72,108,218
5168,qm,72,108,149
5169,qm,72,108,130
5170,qm,72,1523,11
5171,qm,72,1744,8
5172,qm,72,1744,246
5173,qm,72,1744,147
5174,qm,72,1744,35
5175,qm,72,1744,31
5176,qm,73,179,258
5177,qm,73,180,67
5178,qm,73,180,116
5179,qm,73,180,68
5180,qm,73,180,281
5181,qm,73,180,21
5182,qm,73,2152,230
5183,qm,73,2152,236
5184,qm,73,2152,21
5185,qm,73,2383,173
5186,qm,73,2383,203
5187,qm,73,2383,82
5188,qm,73,2383,106
5189,qm,73,2383,24
5190,qm,73,2383,83
5191,qm,73,2383,225
5192,qm,73,2383,243
5193,qm,73,2383,174
5194,qm,73,3173,24
5195,qm,73,3173,241
5196,qm,73,3173,27
5197,qm,73,3173,273
5198,qm,73,3173,244
5199,qm,73,3173,72
5200,qm,73,3173,29
5201,qm,73,3173,121
5202,qm,73,3173,96
5203,qm,73,3173,172
5204,qm,73,3390,107
5205,qm,73,3390,51
5206,qm,73,3390,10
5207,qm,73,3390,173
5208,qm,73,3390,144
5209,qm,73,3390,195
5210,qm,73,3390,24
5211,qm,73,3390,52
5212,qm,73,3390,216
5213,qm,74,348,109
5214,qm,74,348,18
5215,qm,74,348,16
5216,qm,74,348,166
5217,qm,74,348,166
5218,qm,74,348,69
5219,qm,74,3627,68
5220,qm,74,3627,252
5221,qm,74,3627,181
5222,qm,74,3932,139
5223,qm,74,3932,39
5224,qm,74,3932,159
5225,qm,74,3932,205
5226,qm,74,3932,255
5227,qm,74,4206,247
5228,qm,74,4206,6
5229,qm,74,4206,275
5230,qm,74,4206,225
5231,qm,74,4206,148
5232,qm,74,4206,223
5233,qm,74,4206,202
5234,qm,74,4206,10
5235,qm,74,4206,129
5236,qm,74,4206,125
5237,qm,74,4388,169
5238,qm,74,4388,83
5239,qm,75,5472,181
5240,qm,75,5557,17
5241,qm,75,5557,23
5242,qm,75,5557,258
5243,qm,75,5842,141
5244,qm,75,5842,232
5245,qm,75,5842,132
5246,qm,75,5842,66
5247,qm,75,5842,257
5248,qm,75,59,29
5249,qm,75,59,147
5250,qm,75,59,83
5251,qm,75,59,217
5252,qm,75,59,33
5253,qm,75,59,147
5254,qm,75,59,153
5255,qm,75,6300,51
5256,qm,75,6300,196
5257,qm,75,6300,202
5258,qm,75,6300,194
5259,qm,75,6300,240
5260,qm,75,6300,48
5261,qm,75,6300,59
5262,qm,75,6300,154
5263,qm,76,6317,88
5264,qm,76,6317,95
5265,qm,76,6317,210
5266,qm,76,6686,84
5267,qm,76,6686,278
5268,qm,76,6686,162
5269,qm,76,6743,65
5270,qm,76,6743,69
5271,qm,76,6743,183
5272,qm,76,6743,256
5273,qm,76,6743,163
5274,qm,76,6743,210
5275,qm,76,6743,231
5276,qm,76,694,178
5277,qm,76,694,50
5278,qm,76,694,126
5279,qm,76,744,266
5280,qm,76,744,196
5281,qm,76,744,24
5282,qm,76,744,59
5283,qm,76,744,2
5284,qm,76,744,220
5285,qm,76,744,192
5286,qm,76,744,270
5287,qm,76,744,29
5288,qm,76,7652,105
5289,qm,76,7652,103
5290,qm,76,7652,192
5291,qm,76,7652,267
5292,qm,76,7652,268
5293,qm,76,7652,174
5294,qm,77,7833,184
5295,qm,77,806,213
5296,qm,77,806,229
5297,qm,77,806,62
5298,qm,77,8775,7
5299,qm,77,8775,55
5300,qm,77,8775,101
5301,qm,77,8775,104
5302,qm,77,8817,58
5303,qm,77,8817,150
5304,qm,77,8817,176
5305,qm,77,8817,9
5306,qm,77,8817,168
5307,qm,77,8817,146
5308,qm,77,8817,147
5309,qm,77,8817,271
5310,qm,77,8817,55
5311,qm,77,8861,9
5312,qm,77,8861,243
5313,qm,77,8861,193
5314,qm,78,9040,94
5315,qm,78,9040,44
5316,qm,78,9040,285
5317,qm,78,9402,19
5318,qm,78,9402,134
5319,qm,78,9402,276
5320,qm,78,9402,40
5321,qm,78,9402,188
5322,qm,78,9402,184
5323,qm,78,9402,236
5324,qm,78,9402,138
5325,qm,78,9402,237
5326,qm,78,9725,275
5327,qm,78,9725,198
5328,qm,78,9725,125
5329,qm,78,9725,9
5330,qm,78,9725,31
5331,qm,78,9725,54
5332,qm,78,9725,9
5333,qm,78,9725,126
5334,qm,78,9779,59
5335,qm,78,9779,150
5336,qm,78,9779,104
5337,qm,78,9779,80
5338,qm,78,9779,32
5339,qm,78,9779,124
5340,qm,78,9779,269
5341,qm,78,9779,155
5342,qm,78,9779,127
5343,qm,79,108,209
5344,qm,79,108,276
5345,qm,79,108,12
5346,qm,79,1523,255
5347,qm,79,1523,60
5348,qm,79,1523,17
5349,qm,79,1523,133
5350,qm,79,1523,143
5351,qm,79,1523,161
5352,qm,79,1523,136
5353,qm,79,1523,110
5354,qm,79,1523,257
5355,qm,79,1523,14
5356,qm,79,1744,116
5357,qm,79,1744,232
5358,qm,79,1744,45
5359,qm,79,1744,184
5360,qm,79,1744,254
5361,qm,79,1744,119
5362,qm,79,1744,208
5363,qm,79,179,194
5364,qm,79,179,101
5365,qm,79,179,5
5366,qm,79,179,248
5367,qm,79,179,56
5368,qm,79,179,105
5369,qm,80,2383,205
5370,qm,80,3173,64
5371,qm,80,3173,89
5372,qm,80,3390,209
5373,qm,80,3390,259
5374,qm,80,3390,60
5375,qm,80,3390,64
5376,qm,80,3390,93
5377,qm,80,3390,142
5378,qm,80,3390,233
5379,qm,80,3390,286
5380,qm,80,348,6
5381,qm,80,348,144
5382,qm,80,348,27
5383,qm,80,348,104
5384,qm,80,348,29
5385,qm,80,348,243
5386,qm,80,3627,271
5387,qm,80,3627,78
5388,qm,80,3627,58
5389,qm,80,3627,153
5390,qm,80,3627,174
5391,qm,80,3932,35
5392,qm,80,3932,192
5393,qm,80,3932,29
5394,qm,80,3932,103
5395,qm,80,3932,78
5396,qm,80,3932,178
5397,qm,80,3932,152
5398,qm,81,4206,12
5399,qm,81,4206,64
5400,qm,81,4388,184
5401,qm,81,4388,204
5402,qm,81,4388,43
5403,qm,81,4388,140
5404,qm,81,4388,16
5405,qm,81,4388,39
5406,qm,81,4388,91
5407,qm,81,4388,207
5408,qm,81,4388,138
5409,qm,81,5410,86
5410,qm,81,5410,21
5411,qm,81,5410,156
5412,qm,81,5410,109
5413,qm,81,5410,66
5414,qm,81,5410,164
5415,qm,81,5410,277
5416,qm,81,5410,142
5417,qm,81,5410,236
5418,qm,81,5410,208
5419,qm,81,5472,244
5420,qm,81,5472,34
5421,qm,81,5557,146
5422,qm,81,5557,75
5423,qm,81,5557,73
5424,qm,81,5557,55
5425,qm,81,5557,131
5426,qm,81,5557,26
5427,qm,81,5557,122
5428,qm,81,5557,222
5429,qm,81,5842,240
5430,qm,81,5842,202
5431,qm,81,5842,171
5432,qm,81,5842,79
5433,qm,81,5842,129
5434,qm,81,5842,175
5435,qm,81,5842,27
5436,qm,82,59,43
5437,qm,82,59,16
5438,qm,82,6300,256
5439,qm,82,6300,262
5440,qm,82,6300,190
5441,qm,82,6300,214
5442,qm,82,6300,15
5443,qm,82,6300,253
5444,qm,82,6300,112
5445,qm,82,6300,136
5446,qm,82,6317,105
5447,qm,82,6317,168
5448,qm,82,6317,126
5449,qm,82,6317,11
5450,qm,82,6317,201
5451,qm,82,6317,243
5452,qm,82,6317,127
5453,qm,82,6317,31
5454,qm,82,6686,216
5455,qm,82,6686,48
5456,qm,82,6686,154
5457,qm,82,6686,200
5458,qm,82,6686,200
5459,qm,82,6686,25
5460,qm,82,6743,274
5461,qm,82,6743,73
5462,qm,82,6743,274
5463,qm,82,6743,83
5464,qm,82,6743,241
5465,qm,82,6743,80
5466,qm,83,694,256
5467,qm,83,694,214
5468,qm,83,694,237
5469,qm,83,694,12
5470,qm,83,694,139
5471,qm,83,694,229
5472,qm,83,744,141
5473,qm,83,744,239
5474,qm,83,744,254
5475,qm,83,744,118
5476,qm,83,744,182
5477,qm,83,744,230
5478,qm,83,744,109
5479,qm,83,7652,231
5480,qm,83,7652,115
5481,qm,83,7652,204
5482,qm,83,7652,260
5483,qm,83,7652,166
5484,qm,83,806,101
5485,qm,83,806,225
5486,qm,83,806,170
5487,qm,83,806,82
5488,qm,83,806,1
5489,qm,83,8752,240
5490,qm,84,8775,22
5491,qm,84,8775,282
5492,qm,84,8817,87
5493,qm,84,8817,205
5494,qm,84,8817,204
5495,qm,84,8817,65
5496,qm,84,8817,215
5497,qm,84,8817,136
5498,qm,84,8817,69
5499,qm,84,8817,215
5500,qm,84,8817,237
5501,qm,84,8861,134
5502,qm,84,8861,158
5503,qm,84,8861,188
5504,qm,84,8861,263
5505,qm,84,8861,61
5506,qm,84,8861,135
5507,qm,84,8861,45
5508,qm,84,9040,196
5509,qm,84,9040,148
5510,qm,84,9040,101
5511,qm,84,9040,219
5512,qm,84,9404,250
5513,qm,84,9404,264
5514,qm,84,9404,221
5515,qm,85,9693,209
5516,qm,85,9693,278
5517,qm,85,9725,93
5518,qm,85,9725,280
5519,qm,85,9725,41
5520,qm,85,9725,284
5521,qm,85,9725,38
5522,qm,85,9725,67
5523,qm,85,9725,139
5524,qm,85,9725,214
5525,qm,85,9725,93
5526,qm,85,9725,159
5527,qm,85,9779,235
5528,qm,85,1523,193
5529,qm,85,1523,123
5530,qm,85,1523,178
5531,qm,85,1523,144
5532,qm,85,1523,56
5533,qm,85,1523,199
5534,qm,85,1523,176
5535,qm,85,1523,130
5536,qm,85,1523,199
5537,qm,85,1523,26
5538,qm,85,1744,220
5539,qm,85,1744,82
5540,qm,85,1744,170
5541,qm,85,1744,144
5542,qm,86,179,37
5543,qm,86,179,182
5544,qm,86,179,47
5545,qm,86,180,112
5546,qm,86,180,62
5547,qm,86,2152,71
5548,qm,86,2152,93
5549,qm,86,2152,263
5550,qm,86,2152,204
5551,qm,86,2383,272
5552,qm,86,2383,154
5553,qm,86,3173,35
5554,qm,86,3173,81
5555,qm,86,3173,7
5556,qm,86,3173,104
5557,qm,86,3173,242
5558,qm,86,3173,107
5559,qm,86,3390,6
5560,qm,86,3390,245
5561,qm,86,3390,59
5562,qm,87,348,253
5563,qm,87,348,162
5564,qm,87,348,231
5565,qm,87,348,16
5566,qm,87,3932,259
5567,qm,87,3932,258
5568,qm,87,3932,158
5569,qm,87,3932,159
5570,qm,87,3932,45
5571,qm,87,3932,236
5572,qm,87,3932,95
5573,qm,87,3932,137
5574,qm,87,3932,277
5575,qm,87,4206,154
5576,qm,87,4206,96
5577,qm,87,4206,196
5578,qm,87,4206,78
5579,qm,87,4388,250
5580,qm,87,4388,52
5581,qm,87,4388,247
5582,qm,87,5410,150
5583,qm,87,5410,243
5584,qm,87,5410,155
5585,qm,87,5410,80
5586,qm,87,5410,177
5587,qm,87,5410,268
5588,qm,87,5410,179
5589,qm,88,5472,63
5590,qm,88,5472,236
5591,qm,88,5472,15
5592,qm,88,5472,164
5593,qm,88,5472,68
5594,qm,88,5472,133
5595,qm,88,5557,13
5596,qm,88,5557,262
5597,qm,88,5557,208
5598,qm,88,5557,114
5599,qm,88,5557,254
5600,qm,88,5842,231
5601,qm,88,5872,274
5602,qm,88,5872,196
5603,qm,88,5872,81
5604,qm,88,5872,131
5605,qm,88,5872,1
5606,qm,88,6300,29
5607,qm,88,6300,128
5608,qm,88,6300,3
5609,qm,89,6317,43
5610,qm,89,6317,45
5611,qm,89,6317,69
5612,qm,89,6317,68
5613,qm,89,6317,279
5614,qm,89,6317,43
5615,qm,89,6686,213
5616,qm,89,6686,117
5617,qm,89,6686,205
5618,qm,89,6686,263
5619,qm,89,6686,15
5620,qm,89,6743,235
5621,qm,89,6743,280
5622,qm,89,6743,236
5623,qm,89,6743,114
5624,qm,89,6743,235
5625,qm,89,6743,277
5626,qm,89,6743,205
5627,qm,89,6743,286
5628,qm,89,694,194
5629,qm,89,694,248
5630,qm,89,694,174
5631,qm,89,694,217
5632,qm,89,694,242
5633,qm,89,694,124
5634,qm,89,694,201
5635,qm,89,694,144
5636,qm,89,694,31
5637,qm,89,744,51
5638,qm,89,744,272
5639,qm,89,744,1
5640,qm,89,744,227
5641,qm,89,744,25
5642,qm,89,744,242
5643,qm,89,7652,4
5644,qm,89,7652,266
5645,qm,89,7652,80
5646,qm,89,7652,31
5647,qm,89,7652,129
5648,qm,89,7652,4
5649,qm,89,7652,6
5650,qm,89,7652,192
5651,qm,90,7833,40
5652,qm,90,7833,89
5653,qm,90,7833,46
5654,qm,90,806,137
5655,qm,90,806,278
5656,qm,90,806,210
5657,qm,90,806,45
5658,qm,90,806,253
5659,qm,90,806,20
5660,qm,90,806,66
5661,qm,90,806,206
5662,qm,90,806,231
5663,qm,90,806,260
5664,qm,90,8752,46
5665,qm,90,8752,236
5666,qm,90,8752,237
5667,qm,90,8752,167
5668,qm,90,8752,228
5669,qm,90,8752,234
5670,qm,90,8752,213
5671,qm,90,8752,230
5672,qm,90,8752,12
5673,qm,90,8775,77
5674,qm,90,8775,77
5675,qm,90,8775,126
5676,qm,90,8775,172
5677,qm,90,8775,32
5678,qm,90,8775,124
5679,qm,90,8775,201
5680,qm,90,8775,104
5681,qm,90,8861,8
5682,qm,90,8861,201
5683,qm,90,8861,147
5684,qm,90,8861,217
5685,qm,90,8861,219
5686,qm,90,8861,105
5687,qm,90,8861,32
5688,qm,90,8861,121
5689,qm,90,8861,100
5690,qm,91,9040,90
5691,qm,91,9402,40
5692,qm,91,9402,158
5693,qm,91,9402,20
5694,qm,91,9402,276
5695,qm,91,9402,136
5696,qm,91,9402,37
5697,qm,91,9402,13
5698,qm,91,9402,157
5699,qm,91,9402,279
5700,qm,91,9404,230
5701,qm,91,9404,180
5702,qm,91,9404,188
5703,qm,91,9404,159
5704,qm,91,9404,46
5705,qm,91,9404,260
5706,qm,91,9404,211
5707,qm,91,9693,120
5708,qm,91,9693,105
5709,qm,91,9693,101
5710,qm,91,9693,147
5711,qm,91,9693,8
5712,qm,91,9693,217
5713,qm,91,9693,121
5714,qm,91,9693,275
5715,qm,91,9693,73
5716,qm,91,9693,220
5717,qm,91,9725,5
5718,qm,91,9725,202
5719,qm,91,9725,153
5720,qm,91,9725,178
5721,qm,91,9725,51
5722,qm,91,9725,217
5723,qm,91,9779,248
5724,qm,91,9779,200
5725,qm,91,9779,247
5726,qm,91,9779,170
5727,qm,91,9779,24
5728,qm,91,9779,82
5729,qm,92,108,18
5730,qm,92,108,70
5731,qm,92,108,214
5732,qm,92,108,239
5733,qm,92,1523,39
5734,qm,92,1523,157
5735,qm,92,1523,87
5736,qm,92,1523,23
5737,qm,92,1523,115
5738,qm,92,1523,228
5739,qm,92,1744,262
5740,qm,92,1744,92
5741,qm,92,1744,84
5742,qm,92,1744,18
5743,qm,92,1744,140
5744,qm,92,1744,215
5745,qm,92,179,179
5746,qm,92,179,105
5747,qm,92,179,220
5748,qm,92,179,32
5749,qm,92,179,221
5750,qm,92,179,129
5751,qm,92,179,200
5752,qm,92,179,123
5753,qm,92,179,33
5754,qm,92,180,273
5755,qm,92,180,54
5756,qm,92,2152,99
5757,qm,92,2152,264
5758,qm,92,2152,272
5759,qm,92,2152,169
5760,qm,92,2152,50
5761,qm,92,2152,227
5762,qm,92,2152,54
5763,qm,92,2152,124
5764,qm,92,2152,227
5765,qm,92,2152,195
5766,qm,93,2383,162
5767,qm,93,3173,215
5768,qm,93,3173,206
5769,qm,93,3173,137
5770,qm,93,3390,38
5771,qm,93,3390,114
5772,qm,93,3390,110
5773,qm,93,3390,207
5774,qm,93,3390,39
5775,qm,93,348,76
5776,qm,93,348,35
5777,qm,93,348,198
5778,qm,93,348,29
5779,qm,93,348,32
5780,qm,93,348,251
5781,qm,93,348,193
5782,qm,93,348,96
5783,qm,93,3627,175
5784,qm,93,3627,129
5785,qm,93,3627,50
5786,qm,93,3932,220
5787,qm,93,3932,271
5788,qm,93,3932,202
5789,qm,93,3932,124
5790,qm,93,3932,105
5791,qm,93,3932,51
5792,qm,93,3932,147
5793,qm,93,3932,246
5794,qm,93,3932,197
5795,qm,94,4206,12
5796,qm,94,4206,188
5797,qm,94,4206,278
5798,qm,94,4206,133
5799,qm,94,4206,109
5800,qm,94,4206,20
5801,qm,94,4206,137
5802,qm,94,4206,204
5803,qm,94,4206,110
5804,qm,94,4388,229
5805,qm,94,4388,114
5806,qm,94,4388,229
5807,qm,94,4388,90
5808,qm,94,4388,229
5809,qm,94,4388,45
5810,qm,94,4388,257
5811,qm,94,4388,286
5812,qm,94,5410,109
5813,qm,94,5410,114
5814,qm,94,5410,119
5815,qm,94,5410,19
5816,qm,94,5410,164
5817,qm,94,5410,163
5818,qm,94,5410,93
5819,qm,94,5410,93
5820,qm,94,5472,57
5821,qm,94,5472,76
5822,qm,94,5557,8
5823,qm,94,5557,11
5824,qm,94,5557,202
5825,qm,94,5557,251
5826,qm,94,5557,146
5827,qm,94,5557,77
5828,qm,94,5557,131
5829,qm,94,5557,171
5830,qm,94,5557,33
5831,qm,94,5557,25
5832,qm,94,5842,170
5833,qm,94,5842,51
5834,qm,94,5842,102
5835,qm,94,5842,152
5836,qm,94,5842,131
5837,qm,94,5842,201
5838,qm,94,5842,125
5839,qm,95,5872,118
5840,qm,95,5872,90
5841,qm,95,5872,140
5842,qm,95,5872,237
5843,qm,95,5872,233
5844,qm,95,5872,233
5845,qm,95,5872,257
5846,qm,95,59,259
5847,qm,95,59,284
5848,qm,95,59,233
5849,qm,95,59,162
5850,qm,95,59,256
5851,qm,95,59,95
5852,qm,95,59,62
5853,qm,95,59,257
5854,qm,95,59,278
5855,qm,95,59,63
5856,qm,95,6317,171
5857,qm,95,6317,176
5858,qm,95,6317,220
5859,qm,95,6317,83
5860,qm,95,6686,31
5861,qm,95,6686,202
5862,qm,95,6686,82
5863,qm,95,6686,202
5864,qm,95,6686,83
5865,qm,95,6686,247
5866,qm,95,6686,220
5867,qm,95,6686,202
5868,qm,95,6686,103
5869,qm,95,6743,226
5870,qm,96,694,164
5871,qm,96,694,41
5872,qm,96,694,113
5873,qm,96,694,166
5874,qm,96,694,163
5875,qm,96,694,233
5876,qm,96,694,65
5877,qm,96,694,19
5878,qm,96,694,188
5879,qm,96,694,62
5880,qm,96,7652,110
5881,qm,96,7652,39
5882,qm,96,7652,231
5883,qm,96,7652,18
5884,qm,96,7652,166
5885,qm,96,7652,118
5886,qm,96,7652,287
5887,qm,96,7652,236
5888,qm,96,7652,63
5889,qm,96,7833,244
5890,qm,96,7833,266
5891,qm,96,7833,176
5892,qm,96,7833,195
5893,qm,96,7833,250
5894,qm,96,7833,192
5895,qm,96,806,175
5896,qm,96,806,192
5897,qm,96,806,200
5898,qm,96,806,271
5899,qm,96,806,251
5900,qm,96,806,29
5901,qm,96,806,80
5902,qm,96,806,79
5903,qm,96,806,151
5904,qm,96,806,193
5905,qm,96,8752,172
5906,qm,96,8752,97
5907,qm,96,8752,103
5908,qm,96,8752,49
5909,qm,96,8752,33
5910,qm,96,8752,226
5911,qm,96,8752,264
5912,qm,96,8752,193
5913,qm,96,8752,6
5914,qm,97,8775,164
5915,qm,97,8775,115
5916,qm,97,8775,231
5917,qm,97,8775,91
5918,qm,97,8775,21
5919,qm,97,8817,207
5920,qm,97,8817,119
5921,qm,97,8817,255
5922,qm,97,8861,89
5923,qm,97,8861,111
5924,qm,97,8861,157
5925,qm,97,8861,284
5926,qm,97,8861,136
5927,qm,97,9402,0
5928,qm,97,9402,170
5929,qm,97,9402,270
5930,qm,97,9404,80
5931,qm,97,9404,270
5932,qm,97,9404,96
5933,qm,97,9404,270
5934,qm,97,9404,130
5935,qm,98,9693,167
5936,qm,98,9693,22
5937,qm,98,9693,213
5938,qm,98,9693,256
5939,qm,98,9693,183
5940,qm,98,9693,230
5941,qm,98,9693,215
5942,qm,98,9693,156
5943,qm,98,9693,161
5944,qm,98,9693,258
5945,qm,98,9779,15
5946,qm,98,9779,38
5947,qm,98,9779,42
5948,qm,98,9779,22
5949,qm,98,9779,235
5950,qm,98,9779,12
5951,qm,98,9779,160
5952,qm,98,9779,283
5953,qm,98,9779,280
5954,qm,98,108,11
5955,qm,98,108,27
5956,qm,98,108,219
5957,qm,98,108,5
5958,qm,98,108,73
5959,qm,98,108,155
5960,qm,98,1523,147
5961,qm,98,1523,26
5962,qm,98,1523,248
5963,qm,98,1523,194
5964,qm,98,1523,199
5965,qm,98,1523,219
5966,qm,98,1523,27
5967,qm,98,1744,33
5968,qm,98,1744,264
5969,qm,99,179,12
5970,qm,99,179,276
5971,qm,99,179,208
5972,qm,99,179,112
5973,qm,99,179,205
5974,qm,99,179,111
5975,qm,99,179,86
5976,qm,99,180,252
5977,qm,99,180,191
5978,qm,99,180,185
5979,qm,99,180,111
5980,qm,99,180,47
5981,qm,99,2152,112
5982,qm,99,2152,238
5983,qm,99,2152,85
5984,qm,99,2152,138
5985,qm,99,2152,132
5986,qm,99,2152,166
5987,qm,99,2152,206
5988,qm,99,2152,256
5989,qm,99,2152,110
5990,qm,99,2152,214
5991,qm,99,2383,243
5992,qm,99,3173,124
5993,qm,99,3173,270
5994,qm,99,3173,178
5995,qm,100,348,108
5996,qm,100,348,23
5997,qm,100,348,239
5998,qm,100,348,206
5999,qm,100,348,189
6000,qm,100,348,187
6001,qm,100,348,238
6002,qm,100,348,109
6003,qm,100,3627,210
6004,qm,100,3627,84
6005,qm,100,3627,66
6006,qm,100,3627,161
6007,qm,100,3932,237
6008,qm,100,3932,16
6009,qm,100,3932,94
6010,qm,100,3932,15
6011,qm,100,3932,212
6012,qm,100,3932,156
6013,qm,100,3932,191
6014,qm,100,3932,235
6015,qm,100,4206,202
6016,qm,100,4206,265
6017,qm,100,4206,11
6018,qm,100,4206,218
6019,qm,100,4206,96
6020,qm,100,4206,11
6021,qm,100,4206,83
6022,qm,100,4388,3
6023,qm,100,4388,106
6024,qm,100,4388,123
6025,qm,100,5410,145
6026,qm,100,5410,245
6027,qm,100,5410,274
6028,qm,100,5410,247
6029,qm,100,5410,218
